Customer_ID,Customer_Name,Order_Value,Spending_Rank
C00019,Customer_19,3176078.87,1
C02897,Customer_2897,2528868.53,2
C01915,Customer_1915,2476932.74,3
C02709,Customer_2709,2400905.35,4
C00187,Customer_187,2394078.09,5
C00685,Customer_685,2352464.63,6
C01297,Customer_1297,2345815.39,7
C00259,Customer_259,2330070.4299999997,8
C00921,Customer_921,2257528.6,9
C00271,Customer_271,2226186.64,10
C00874,Customer_874,2226100.84,11
C02512,Customer_2512,2198748.65,12
C01470,Customer_1470,2161834.0,13
C01204,Customer_1204,2138897.58,14
C02988,Customer_2988,2105275.02,15
C02281,Customer_2281,2092954.47,16
C01756,Customer_1756,2075097.31,17
C01130,Customer_1130,2066469.96,18
C01142,Customer_1142,2050412.31,19
C02551,Customer_2551,2034948.13,20
C00376,Customer_376,2029722.86,21
C01441,Customer_1441,2028741.76,22
C01849,Customer_1849,2024725.78,23
C01933,Customer_1933,2019356.51,24
C00307,Customer_307,2010906.74,25
C00887,Customer_887,2004692.37,26
C01604,Customer_1604,1999965.53,27
C00330,Customer_330,1976537.54,28
C01943,Customer_1943,1969185.3399999999,29
C01216,Customer_1216,1961939.91,30
C00387,Customer_387,1943899.41,31
C02519,Customer_2519,1941330.3599999999,32
C02687,Customer_2687,1922961.96,33
C00720,Customer_720,1922773.61,34
C02829,Customer_2829,1920295.75,35
C02244,Customer_2244,1896019.79,36
C00661,Customer_661,1886289.6800000002,37
C01444,Customer_1444,1876644.0499999998,38
C00429,Customer_429,1873997.41,39
C01279,Customer_1279,1859757.67,40
C02607,Customer_2607,1858360.84,41
C01391,Customer_1391,1836405.49,42
C01314,Customer_1314,1833408.6500000001,43
C00704,Customer_704,1829736.42,44
C02398,Customer_2398,1823231.42,45
C00662,Customer_662,1822492.41,46
C01463,Customer_1463,1820242.94,47
C00190,Customer_190,1812000.15,48
C02049,Customer_2049,1798643.14,49
C00770,Customer_770,1797578.21,50
C01192,Customer_1192,1792737.09,51
C01677,Customer_1677,1792187.88,52
C02886,Customer_2886,1788878.77,53
C02974,Customer_2974,1787219.2,54
C01752,Customer_1752,1786089.4,55
C01542,Customer_1542,1785177.54,56
C00993,Customer_993,1777858.6300000001,57
C01357,Customer_1357,1776279.67,58
C00816,Customer_816,1757573.17,59
C02444,Customer_2444,1756065.31,60
C00825,Customer_825,1756022.04,61
C01450,Customer_1450,1752075.54,62
C02701,Customer_2701,1748730.4300000002,63
C00833,Customer_833,1748020.58,64
C01440,Customer_1440,1744482.8699999999,65
C02559,Customer_2559,1741744.05,66
C02636,Customer_2636,1738098.71,67
C00493,Customer_493,1734782.1099999999,68
C02568,Customer_2568,1733674.09,69
C00948,Customer_948,1731670.13,70
C01811,Customer_1811,1730013.18,71
C00434,Customer_434,1728795.62,72
C02004,Customer_2004,1724277.97,73
C00443,Customer_443,1719501.02,74
C01782,Customer_1782,1715904.9,75
C01163,Customer_1163,1709480.3800000001,76
C00216,Customer_216,1705329.98,77
C02124,Customer_2124,1703723.21,78
C00522,Customer_522,1697953.2799999998,79
C02666,Customer_2666,1697000.1400000001,80
C02668,Customer_2668,1691843.34,81
C01358,Customer_1358,1691441.1400000001,82
C00012,Customer_12,1690816.8599999999,83
C00149,Customer_149,1690559.43,84
C02063,Customer_2063,1689498.1400000001,85
C02884,Customer_2884,1687668.53,86
C01593,Customer_1593,1682674.18,87
C00582,Customer_582,1682002.16,88
C02470,Customer_2470,1675332.8,89
C02041,Customer_2041,1670748.82,90
C00139,Customer_139,1670641.54,91
C01392,Customer_1392,1669301.38,92
C01032,Customer_1032,1668614.23,93
C00481,Customer_481,1664198.93,94
C01092,Customer_1092,1662278.92,95
C00476,Customer_476,1655888.6199999999,96
C00516,Customer_516,1654831.3900000001,97
C02972,Customer_2972,1654429.34,98
C00529,Customer_529,1651589.89,99
C01439,Customer_1439,1650270.07,100
C00710,Customer_710,1641768.8099999998,101
C00405,Customer_405,1640972.95,102
C01125,Customer_1125,1639577.92,103
C02306,Customer_2306,1638689.88,104
C01773,Customer_1773,1634986.21,105
C01914,Customer_1914,1633717.79,106
C02008,Customer_2008,1631542.94,107
C01031,Customer_1031,1629882.61,108
C00072,Customer_72,1626112.6099999999,109
C02929,Customer_2929,1617063.54,110
C01134,Customer_1134,1608603.49,111
C00977,Customer_977,1607659.8199999998,112
C00356,Customer_356,1600541.67,113
C01552,Customer_1552,1599310.8699999999,114
C00892,Customer_892,1596633.48,115
C01411,Customer_1411,1595772.28,116
C01076,Customer_1076,1595682.31,117
C00029,Customer_29,1593831.14,118
C01940,Customer_1940,1589054.0100000002,119
C01462,Customer_1462,1588372.1300000001,120
C00245,Customer_245,1588193.6,121
C00235,Customer_235,1587705.58,122
C00969,Customer_969,1585179.0,123
C00689,Customer_689,1582455.11,124
C01636,Customer_1636,1580715.65,125
C00391,Customer_391,1576005.1,126
C00878,Customer_878,1572319.98,127
C02181,Customer_2181,1571633.21,128
C02787,Customer_2787,1571263.95,129
C00807,Customer_807,1570915.23,130
C01885,Customer_1885,1570038.15,131
C00608,Customer_608,1569584.0,132
C01800,Customer_1800,1566053.12,133
C01258,Customer_1258,1564666.42,134
C02697,Customer_2697,1560884.77,135
C00180,Customer_180,1557673.02,136
C01381,Customer_1381,1556662.12,137
C00929,Customer_929,1552964.38,138
C00336,Customer_336,1552647.74,139
C02588,Customer_2588,1551317.34,140
C00668,Customer_668,1550569.3599999999,141
C00763,Customer_763,1549781.05,142
C02449,Customer_2449,1549423.6400000001,143
C02136,Customer_2136,1547288.88,144
C01637,Customer_1637,1544631.7200000002,145
C00580,Customer_580,1543931.62,146
C01038,Customer_1038,1541259.6600000001,147
C02164,Customer_2164,1541000.48,148
C00542,Customer_542,1539884.96,149
C02401,Customer_2401,1538430.4,150
C01001,Customer_1001,1538279.43,151
C01133,Customer_1133,1536614.0499999998,152
C00442,Customer_442,1534019.52,153
C02038,Customer_2038,1531726.23,154
C02170,Customer_2170,1531589.1099999999,155
C01417,Customer_1417,1531142.7200000002,156
C02210,Customer_2210,1531003.66,157
C00040,Customer_40,1530279.59,158
C00664,Customer_664,1525495.69,159
C02594,Customer_2594,1524636.52,160
C00826,Customer_826,1523685.77,161
C01284,Customer_1284,1520726.6300000001,162
C00798,Customer_798,1519198.42,163
C00858,Customer_858,1518344.33,164
C01983,Customer_1983,1516858.69,165
C00254,Customer_254,1511052.73,166
C01725,Customer_1725,1506940.32,167
C01882,Customer_1882,1506329.14,168
C02540,Customer_2540,1505529.63,169
C02609,Customer_2609,1505159.8,170
C02774,Customer_2774,1504983.93,171
C02376,Customer_2376,1504435.31,172
C00844,Customer_844,1498822.81,173
C01557,Customer_1557,1496797.96,174
C00657,Customer_657,1496736.3199999998,175
C00171,Customer_171,1494387.27,176
C02533,Customer_2533,1492820.1400000001,177
C00769,Customer_769,1492571.93,178
C02838,Customer_2838,1492539.24,179
C00930,Customer_930,1492081.2999999998,180
C00913,Customer_913,1491966.1,181
C02095,Customer_2095,1486703.5499999998,182
C01760,Customer_1760,1485498.18,183
C01099,Customer_1099,1484978.52,184
C00172,Customer_172,1484956.25,185
C00681,Customer_681,1484637.27,186
C02429,Customer_2429,1483443.79,187
C00457,Customer_457,1483410.98,188
C01512,Customer_1512,1478373.1,189
C02069,Customer_2069,1473744.93,190
C00762,Customer_762,1473111.72,191
C02824,Customer_2824,1470681.6099999999,192
C00242,Customer_242,1469190.6600000001,193
C01017,Customer_1017,1468840.06,194
C00123,Customer_123,1466731.81,195
C00553,Customer_553,1466061.19,196
C02941,Customer_2941,1465257.9100000001,197
C00447,Customer_447,1464483.77,198
C00395,Customer_395,1460934.3,199
C00703,Customer_703,1459202.15,200
C00022,Customer_22,1458680.96,201
C02236,Customer_2236,1456623.94,202
C00714,Customer_714,1455773.2,203
C02325,Customer_2325,1454643.5,204
C00541,Customer_541,1454358.0,205
C01995,Customer_1995,1454196.7,206
C02438,Customer_2438,1452998.35,207
C02750,Customer_2750,1452645.63,208
C00820,Customer_820,1451670.1199999999,209
C01037,Customer_1037,1448469.78,210
C00092,Customer_92,1446909.64,211
C00390,Customer_390,1445442.3,212
C01215,Customer_1215,1444464.91,213
C02578,Customer_2578,1444364.4,214
C02318,Customer_2318,1442331.29,215
C00546,Customer_546,1441416.1300000001,216
C00061,Customer_61,1435430.88,217
C02342,Customer_2342,1435269.01,218
C01075,Customer_1075,1434996.36,219
C01261,Customer_1261,1434756.83,220
C01317,Customer_1317,1432961.73,221
C00115,Customer_115,1430951.91,222
C02667,Customer_2667,1429898.1900000002,223
C01180,Customer_1180,1429754.2,224
C01190,Customer_1190,1427031.68,225
C00453,Customer_453,1424634.55,226
C02016,Customer_2016,1424432.74,227
C01978,Customer_1978,1422387.15,228
C02312,Customer_2312,1419650.3499999999,229
C00674,Customer_674,1419461.8199999998,230
C01402,Customer_1402,1419063.27,231
C01083,Customer_1083,1416885.29,232
C00419,Customer_419,1416390.04,233
C01059,Customer_1059,1415676.06,234
C02464,Customer_2464,1408180.0499999998,235
C00967,Customer_967,1407678.03,236
C00990,Customer_990,1406851.1800000002,237
C01960,Customer_1960,1405738.1,238
C01063,Customer_1063,1404685.43,239
C01046,Customer_1046,1404631.8800000001,240
C01097,Customer_1097,1404363.73,241
C02582,Customer_2582,1403678.62,242
C01196,Customer_1196,1402944.3,243
C01483,Customer_1483,1401394.28,244
C02550,Customer_2550,1401377.47,245
C01518,Customer_1518,1400991.27,246
C01574,Customer_1574,1400371.8299999998,247
C00082,Customer_82,1400109.39,248
C01873,Customer_1873,1399714.87,249
C01706,Customer_1706,1398454.2,250
C00253,Customer_253,1397232.35,251
C02297,Customer_2297,1396436.0,252
C02655,Customer_2655,1393159.71,253
C00950,Customer_950,1389647.08,254
C01241,Customer_1241,1389236.48,255
C02266,Customer_2266,1387625.87,256
C00988,Customer_988,1387592.13,257
C01561,Customer_1561,1386672.29,258
C01095,Customer_1095,1386073.89,259
C00568,Customer_568,1385598.02,260
C00520,Customer_520,1385474.02,261
C00257,Customer_257,1384433.48,262
C02893,Customer_2893,1383580.52,263
C00646,Customer_646,1383119.2600000002,264
C01778,Customer_1778,1380329.49,265
C00838,Customer_838,1378031.6099999999,266
C00960,Customer_960,1376381.77,267
C00601,Customer_601,1375524.18,268
C02833,Customer_2833,1372446.33,269
C02173,Customer_2173,1371187.24,270
C02646,Customer_2646,1370942.1,271
C00505,Customer_505,1370736.63,272
C02602,Customer_2602,1369076.07,273
C00573,Customer_573,1367512.15,274
C01699,Customer_1699,1364480.36,275
C00758,Customer_758,1363689.76,276
C01479,Customer_1479,1362786.6099999999,277
C02947,Customer_2947,1361600.29,278
C02308,Customer_2308,1361470.14,279
C00155,Customer_155,1358983.81,280
C02057,Customer_2057,1358640.04,281
C01682,Customer_1682,1356057.52,282
C02060,Customer_2060,1355987.86,283
C01869,Customer_1869,1355896.66,284
C00130,Customer_130,1355215.6,285
C02416,Customer_2416,1354782.86,286
C00810,Customer_810,1353104.23,287
C01707,Customer_1707,1351700.8900000001,288
C02375,Customer_2375,1350734.04,289
C00311,Customer_311,1350042.54,290
C02805,Customer_2805,1345046.8399999999,291
C02757,Customer_2757,1345045.1,292
C01044,Customer_1044,1344617.29,293
C00465,Customer_465,1344033.24,294
C00363,Customer_363,1343700.29,295
C02198,Customer_2198,1343095.17,296
C01791,Customer_1791,1340820.69,297
C00897,Customer_897,1340213.56,298
C02530,Customer_2530,1338634.0699999998,299
C00893,Customer_893,1337904.8800000001,300
C02960,Customer_2960,1336590.85,301
C00383,Customer_383,1335750.7799999998,302
C02641,Customer_2641,1334927.61,303
C02984,Customer_2984,1334593.58,304
C00558,Customer_558,1332983.53,305
C00822,Customer_822,1331921.1400000001,306
C02505,Customer_2505,1330799.96,307
C00596,Customer_596,1330780.35,308
C00556,Customer_556,1330716.8199999998,309
C01416,Customer_1416,1327711.83,310
C01178,Customer_1178,1327378.42,311
C01716,Customer_1716,1326776.5799999998,312
C01127,Customer_1127,1325642.46,313
C00870,Customer_870,1323137.69,314
C00353,Customer_353,1322420.56,315
C02987,Customer_2987,1319779.23,316
C01603,Customer_1603,1318492.81,317
C02443,Customer_2443,1318126.83,318
C01516,Customer_1516,1317209.25,319
C00147,Customer_147,1317021.02,320
C00884,Customer_884,1316676.04,321
C01717,Customer_1717,1316607.8599999999,322
C02801,Customer_2801,1316268.1099999999,323
C01790,Customer_1790,1314559.34,324
C01944,Customer_1944,1314399.6,325
C00154,Customer_154,1309196.1099999999,326
C01538,Customer_1538,1309069.32,327
C00559,Customer_559,1307429.89,328
C00035,Customer_35,1307162.93,329
C00396,Customer_396,1304925.83,330
C00860,Customer_860,1301367.73,331
C00776,Customer_776,1300830.82,332
C00925,Customer_925,1299545.83,333
C02432,Customer_2432,1298967.78,334
C01071,Customer_1071,1298590.58,335
C00560,Customer_560,1297589.44,336
C00640,Customer_640,1295185.38,337
C02033,Customer_2033,1293660.75,338
C00673,Customer_673,1293430.22,339
C01424,Customer_1424,1291929.74,340
C01855,Customer_1855,1289905.44,341
C02328,Customer_2328,1289642.91,342
C02898,Customer_2898,1288794.45,343
C00025,Customer_25,1288096.84,344
C00338,Customer_338,1286303.52,345
C01524,Customer_1524,1286111.75,346
C01623,Customer_1623,1286020.76,347
C01527,Customer_1527,1285400.0699999998,348
C02632,Customer_2632,1284730.25,349
C01170,Customer_1170,1283303.9100000001,350
C02121,Customer_2121,1280903.13,351
C01549,Customer_1549,1279521.02,352
C01478,Customer_1478,1278959.84,353
C01948,Customer_1948,1278148.04,354
C01041,Customer_1041,1277912.11,355
C02301,Customer_2301,1277737.8699999999,356
C00634,Customer_634,1276875.6,357
C01014,Customer_1014,1276774.8900000001,358
C00494,Customer_494,1276213.6099999999,359
C01592,Customer_1592,1276150.21,360
C00455,Customer_455,1276102.92,361
C01252,Customer_1252,1275457.63,362
C01185,Customer_1185,1274845.35,363
C01304,Customer_1304,1274699.43,364
C02076,Customer_2076,1274189.69,365
C00384,Customer_384,1273537.31,366
C01090,Customer_1090,1272042.1400000001,367
C02780,Customer_2780,1271590.78,368
C01154,Customer_1154,1271284.41,369
C00586,Customer_586,1268993.82,370
C02764,Customer_2764,1268628.71,371
C02262,Customer_2262,1266756.99,372
C00371,Customer_371,1266505.1400000001,373
C00105,Customer_105,1266485.0,374
C01823,Customer_1823,1265872.3,375
C02101,Customer_2101,1264850.6300000001,376
C02735,Customer_2735,1264804.79,377
C01987,Customer_1987,1264188.18,378
C01265,Customer_1265,1263695.6,379
C01926,Customer_1926,1263340.5699999998,380
C02462,Customer_2462,1262857.25,381
C01938,Customer_1938,1261131.35,382
C01168,Customer_1168,1260709.54,383
C01039,Customer_1039,1260663.55,384
C02258,Customer_2258,1259575.27,385
C02162,Customer_2162,1258989.81,386
C01245,Customer_1245,1258976.8399999999,387
C00460,Customer_460,1257512.81,388
C02809,Customer_2809,1256868.06,389
C00489,Customer_489,1254254.85,390
C01787,Customer_1787,1253701.62,391
C02961,Customer_2961,1253294.42,392
C00872,Customer_872,1251956.9000000001,393
C02061,Customer_2061,1251099.9,394
C00016,Customer_16,1248840.97,395
C02937,Customer_2937,1247696.27,396
C02676,Customer_2676,1246729.46,397
C01908,Customer_1908,1246513.04,398
C01501,Customer_1501,1246018.9,399
C02946,Customer_2946,1244814.63,400
C00357,Customer_357,1240838.35,401
C01493,Customer_1493,1239899.26,402
C00871,Customer_871,1239318.7,403
C00393,Customer_393,1239222.02,404
C01894,Customer_1894,1239215.36,405
C01081,Customer_1081,1239102.63,406
C00295,Customer_295,1239080.04,407
C01292,Customer_1292,1238298.55,408
C00982,Customer_982,1236071.24,409
C01106,Customer_1106,1234920.33,410
C01474,Customer_1474,1234766.26,411
C02445,Customer_2445,1233272.91,412
C01864,Customer_1864,1232812.66,413
C01117,Customer_1117,1232783.72,414
C01290,Customer_1290,1230076.93,415
C01565,Customer_1565,1230008.0,416
C00936,Customer_936,1229932.75,417
C01997,Customer_1997,1227496.07,418
C02842,Customer_2842,1227414.42,419
C01586,Customer_1586,1226875.1,420
C00162,Customer_162,1226796.48,421
C01532,Customer_1532,1226578.8699999999,422
C00511,Customer_511,1226400.68,423
C02476,Customer_2476,1224212.31,424
C01657,Customer_1657,1223068.21,425
C02854,Customer_2854,1219815.8,426
C00575,Customer_575,1216902.8900000001,427
C00208,Customer_208,1216829.3399999999,428
C02107,Customer_2107,1215214.53,429
C01051,Customer_1051,1214940.1800000002,430
C02250,Customer_2250,1214802.89,431
C02673,Customer_2673,1213697.15,432
C02712,Customer_2712,1212602.8199999998,433
C01829,Customer_1829,1210582.24,434
C02493,Customer_2493,1210571.46,435
C01694,Customer_1694,1209617.85,436
C02323,Customer_2323,1208864.45,437
C02626,Customer_2626,1208225.19,438
C02746,Customer_2746,1207684.3599999999,439
C01280,Customer_1280,1207354.89,440
C02350,Customer_2350,1207041.45,441
C01639,Customer_1639,1206946.46,442
C00630,Customer_630,1206117.31,443
C00426,Customer_426,1204924.52,444
C02669,Customer_2669,1204764.77,445
C02967,Customer_2967,1203380.8399999999,446
C01683,Customer_1683,1202649.69,447
C01448,Customer_1448,1201903.97,448
C01395,Customer_1395,1200905.44,449
C00902,Customer_902,1200030.35,450
C01400,Customer_1400,1199914.27,451
C00881,Customer_881,1199060.06,452
C02849,Customer_2849,1198983.2999999998,453
C02986,Customer_2986,1197709.58,454
C00345,Customer_345,1197003.33,455
C01742,Customer_1742,1196860.38,456
C02553,Customer_2553,1195557.01,457
C00676,Customer_676,1193305.79,458
C01089,Customer_1089,1189343.4400000002,459
C01523,Customer_1523,1187467.28,460
C01368,Customer_1368,1185889.07,461
C01203,Customer_1203,1185600.69,462
C02419,Customer_2419,1185154.07,463
C01307,Customer_1307,1184129.43,464
C02576,Customer_2576,1183610.0,465
C00456,Customer_456,1183148.0,466
C02868,Customer_2868,1183022.15,467
C02706,Customer_2706,1182725.05,468
C01504,Customer_1504,1181874.52,469
C02660,Customer_2660,1180957.49,470
C00398,Customer_398,1180799.79,471
C01207,Customer_1207,1180469.19,472
C02503,Customer_2503,1180130.68,473
C00632,Customer_632,1179797.09,474
C02487,Customer_2487,1179634.39,475
C01611,Customer_1611,1179542.1099999999,476
C02902,Customer_2902,1178435.5,477
C01055,Customer_1055,1178195.72,478
C00217,Customer_217,1177630.63,479
C02811,Customer_2811,1177342.0999999999,480
C01856,Customer_1856,1177296.76,481
C00313,Customer_313,1176993.6400000001,482
C02661,Customer_2661,1176965.28,483
C01320,Customer_1320,1176213.68,484
C01330,Customer_1330,1175631.42,485
C02056,Customer_2056,1174991.45,486
C02507,Customer_2507,1173737.68,487
C02182,Customer_2182,1172773.52,488
C00942,Customer_942,1172336.49,489
C01597,Customer_1597,1171665.07,490
C00597,Customer_597,1171612.1300000001,491
C02985,Customer_2985,1170974.25,492
C01110,Customer_1110,1170819.3,493
C01253,Customer_1253,1167283.9,494
C02585,Customer_2585,1166994.96,495
C02458,Customer_2458,1166643.44,496
C02122,Customer_2122,1165289.1199999999,497
C01970,Customer_1970,1164174.1099999999,498
C00392,Customer_392,1162765.1,499
C01385,Customer_1385,1162211.1099999999,500
C02154,Customer_2154,1162153.5999999999,501
C00116,Customer_116,1162107.52,502
C00320,Customer_320,1158827.07,503
C00919,Customer_919,1156576.2,504
C00911,Customer_911,1155669.44,505
C02876,Customer_2876,1154925.97,506
C00041,Customer_41,1154701.6099999999,507
C01974,Customer_1974,1154009.11,508
C02144,Customer_2144,1151146.87,509
C01659,Customer_1659,1150988.1600000001,510
C00106,Customer_106,1150601.03,511
C01386,Customer_1386,1150463.43,512
C01231,Customer_1231,1150396.76,513
C02760,Customer_2760,1150165.4,514
C00331,Customer_331,1147925.95,515
C00183,Customer_183,1147608.33,516
C02810,Customer_2810,1146012.91,517
C00226,Customer_226,1144292.16,518
C02921,Customer_2921,1144222.97,519
C00270,Customer_270,1144161.16,520
C01496,Customer_1496,1144150.57,521
C02751,Customer_2751,1144086.04,522
C02728,Customer_2728,1144010.91,523
C02275,Customer_2275,1143999.91,524
C02344,Customer_2344,1142325.3699999999,525
C00740,Customer_740,1140676.92,526
C01389,Customer_1389,1140377.37,527
C00875,Customer_875,1140220.8599999999,528
C02052,Customer_2052,1139752.22,529
C00471,Customer_471,1139205.97,530
C00343,Customer_343,1137463.82,531
C01160,Customer_1160,1135683.6099999999,532
C00080,Customer_80,1135343.86,533
C00547,Customer_547,1135329.27,534
C02482,Customer_2482,1135289.4100000001,535
C00276,Customer_276,1134602.48,536
C01490,Customer_1490,1134506.01,537
C02373,Customer_2373,1134295.47,538
C01285,Customer_1285,1133043.26,539
C02870,Customer_2870,1132989.8599999999,540
C02598,Customer_2598,1131663.5,541
C00223,Customer_223,1131598.65,542
C00623,Customer_623,1130682.3,543
C01973,Customer_1973,1130099.61,544
C01994,Customer_1994,1128552.44,545
C00137,Customer_137,1126621.99,546
C01482,Customer_1482,1125957.47,547
C00680,Customer_680,1123752.75,548
C00604,Customer_604,1122469.25,549
C00210,Customer_210,1122351.24,550
C02105,Customer_2105,1122048.87,551
C01541,Customer_1541,1121427.03,552
C00986,Customer_986,1121330.38,553
C01630,Customer_1630,1121129.33,554
C01579,Customer_1579,1120088.91,555
C00581,Customer_581,1119953.8,556
C00043,Customer_43,1119775.26,557
C02321,Customer_2321,1119160.8599999999,558
C01807,Customer_1807,1118985.5699999998,559
C01418,Customer_1418,1118807.3499999999,560
C01835,Customer_1835,1115317.5799999998,561
C02213,Customer_2213,1114834.75,562
C02147,Customer_2147,1114579.2999999998,563
C00517,Customer_517,1114556.28,564
C02295,Customer_2295,1114032.8399999999,565
C01774,Customer_1774,1113895.88,566
C00898,Customer_898,1113467.3699999999,567
C02721,Customer_2721,1112126.5899999999,568
C00564,Customer_564,1112072.39,569
C02218,Customer_2218,1111827.12,570
C01765,Customer_1765,1111779.95,571
C00774,Customer_774,1111692.08,572
C02197,Customer_2197,1110696.5,573
C00991,Customer_991,1110221.14,574
C00727,Customer_727,1109531.6,575
C01328,Customer_1328,1107813.04,576
C02032,Customer_2032,1107373.48,577
C01118,Customer_1118,1106993.14,578
C02680,Customer_2680,1106881.46,579
C01068,Customer_1068,1106487.74,580
C00905,Customer_905,1106430.7,581
C01101,Customer_1101,1105473.99,582
C00073,Customer_73,1104466.14,583
C01726,Customer_1726,1104223.95,584
C01788,Customer_1788,1103474.08,585
C02873,Customer_2873,1103390.56,586
C02284,Customer_2284,1103369.97,587
C02219,Customer_2219,1103230.4000000001,588
C01066,Customer_1066,1102878.36,589
C00883,Customer_883,1102748.68,590
C02942,Customer_2942,1102429.19,591
C00946,Customer_946,1101629.6700000002,592
C02422,Customer_2422,1101615.7000000002,593
C01814,Customer_1814,1101221.31,594
C01554,Customer_1554,1100630.02,595
C01334,Customer_1334,1099976.13,596
C01026,Customer_1026,1098697.1,597
C02283,Customer_2283,1096569.7999999998,598
C01702,Customer_1702,1094979.14,599
C00616,Customer_616,1094938.68,600
C01244,Customer_1244,1094454.49,601
C00923,Customer_923,1094116.46,602
C00422,Customer_422,1093069.24,603
C00916,Customer_916,1092623.49,604
C01629,Customer_1629,1092446.13,605
C02653,Customer_2653,1092403.66,606
C00101,Customer_101,1092003.95,607
C01599,Customer_1599,1091466.8599999999,608
C01626,Customer_1626,1091456.53,609
C00557,Customer_557,1091306.99,610
C01595,Customer_1595,1090546.03,611
C01824,Customer_1824,1090102.4,612
C01451,Customer_1451,1087887.27,613
C02064,Customer_2064,1087433.92,614
C02245,Customer_2245,1085864.8900000001,615
C01378,Customer_1378,1085845.3,616
C01578,Customer_1578,1085737.0,617
C01931,Customer_1931,1085476.6,618
C02047,Customer_2047,1085425.56,619
C01500,Customer_1500,1084547.71,620
C00579,Customer_579,1084519.91,621
C01921,Customer_1921,1084491.09,622
C01009,Customer_1009,1083459.14,623
C02077,Customer_2077,1083034.4000000001,624
C02880,Customer_2880,1082401.67,625
C00998,Customer_998,1082376.29,626
C00069,Customer_69,1081675.44,627
C00521,Customer_521,1081570.23,628
C02613,Customer_2613,1079889.49,629
C02336,Customer_2336,1079137.25,630
C00375,Customer_375,1078273.44,631
C01577,Customer_1577,1078024.06,632
C02622,Customer_2622,1077934.51,633
C02134,Customer_2134,1077629.36,634
C01822,Customer_1822,1076662.08,635
C02463,Customer_2463,1076512.37,636
C01999,Customer_1999,1076407.41,637
C01137,Customer_1137,1076113.3399999999,638
C00821,Customer_821,1075598.71,639
C01260,Customer_1260,1074338.02,640
C01895,Customer_1895,1072019.53,641
C02608,Customer_2608,1071587.62,642
C02522,Customer_2522,1071116.78,643
C01103,Customer_1103,1070794.26,644
C01831,Customer_1831,1070670.1099999999,645
C02799,Customer_2799,1070508.52,646
C00344,Customer_344,1069868.8399999999,647
C02428,Customer_2428,1069730.1700000002,648
C02260,Customer_2260,1068860.43,649
C01148,Customer_1148,1068365.7,650
C01473,Customer_1473,1066978.96,651
C00144,Customer_144,1066750.27,652
C00654,Customer_654,1066282.24,653
C00628,Customer_628,1065924.8399999999,654
C01854,Customer_1854,1065823.54,655
C02179,Customer_2179,1065798.4,656
C01678,Customer_1678,1065694.31,657
C01750,Customer_1750,1064797.76,658
C00591,Customer_591,1063914.54,659
C00084,Customer_84,1063643.07,660
C01094,Customer_1094,1063633.5,661
C01588,Customer_1588,1063624.71,662
C01346,Customer_1346,1062149.8900000001,663
C02903,Customer_2903,1062073.22,664
C01591,Customer_1591,1061840.48,665
C02812,Customer_2812,1061571.35,666
C01793,Customer_1793,1061254.01,667
C00237,Customer_237,1060372.63,668
C00644,Customer_644,1059712.01,669
C01897,Customer_1897,1059423.44,670
C02007,Customer_2007,1057839.29,671
C00464,Customer_464,1056976.65,672
C01628,Customer_1628,1056974.39,673
C01584,Customer_1584,1056885.37,674
C02543,Customer_2543,1056494.57,675
C02965,Customer_2965,1055302.38,676
C02862,Customer_2862,1054940.22,677
C01077,Customer_1077,1054917.39,678
C02554,Customer_2554,1054809.2,679
C02934,Customer_2934,1053688.3299999998,680
C01342,Customer_1342,1053382.23,681
C02434,Customer_2434,1052810.92,682
C00450,Customer_450,1052069.8900000001,683
C00587,Customer_587,1050842.33,684
C00348,Customer_348,1048893.3699999999,685
C00690,Customer_690,1048733.57,686
C00191,Customer_191,1048724.52,687
C00571,Customer_571,1048469.01,688
C00817,Customer_817,1047515.96,689
C00945,Customer_945,1046797.53,690
C02896,Customer_2896,1046550.5700000001,691
C02311,Customer_2311,1046527.02,692
C01582,Customer_1582,1046175.3,693
C00283,Customer_283,1045978.79,694
C01309,Customer_1309,1045422.59,695
C02562,Customer_2562,1044264.1000000001,696
C00021,Customer_21,1041307.95,697
C02229,Customer_2229,1040766.1699999999,698
C01305,Customer_1305,1040733.93,699
C02264,Customer_2264,1040636.5900000001,700
C01575,Customer_1575,1040077.1599999999,701
C02725,Customer_2725,1039776.66,702
C02979,Customer_2979,1038895.24,703
C02259,Customer_2259,1038462.97,704
C02265,Customer_2265,1038372.3300000001,705
C00824,Customer_824,1036354.12,706
C01936,Customer_1936,1034909.4500000001,707
C00918,Customer_918,1034543.62,708
C01569,Customer_1569,1033252.31,709
C01300,Customer_1300,1032367.0399999999,710
C01016,Customer_1016,1031993.3699999999,711
C02839,Customer_2839,1031830.51,712
C00594,Customer_594,1031252.0900000001,713
C00367,Customer_367,1031129.2,714
C01015,Customer_1015,1030839.25,715
C01195,Customer_1195,1030289.6200000001,716
C02427,Customer_2427,1028082.91,717
C00588,Customer_588,1026235.99,718
C00672,Customer_672,1026142.85,719
C00067,Customer_67,1025504.5,720
C02431,Customer_2431,1025399.91,721
C01867,Customer_1867,1025047.06,722
C01522,Customer_1522,1024314.78,723
C00160,Customer_160,1023569.36,724
C01758,Customer_1758,1022324.7100000001,725
C00098,Customer_98,1022008.8499999999,726
C02103,Customer_2103,1021452.06,727
C01188,Customer_1188,1021011.62,728
C00846,Customer_846,1019943.9099999999,729
C02889,Customer_2889,1019849.79,730
C00273,Customer_273,1017943.2499999999,731
C00706,Customer_706,1014815.4199999999,732
C02995,Customer_2995,1013138.9299999999,733
C01080,Customer_1080,1012056.9,734
C01687,Customer_1687,1009998.52,735
C00256,Customer_256,1009099.55,736
C00308,Customer_308,1009008.56,737
C02143,Customer_2143,1008350.37,738
C01649,Customer_1649,1007789.53,739
C02904,Customer_2904,1007654.54,740
C00134,Customer_134,1007309.75,741
C00118,Customer_118,1006388.34,742
C01312,Customer_1312,1006310.5000000001,743
C01680,Customer_1680,1006237.0,744
C01070,Customer_1070,1006125.97,745
C00974,Customer_974,1005034.0700000001,746
C02557,Customer_2557,1004897.8400000001,747
C00278,Customer_278,1004795.95,748
C02335,Customer_2335,1004504.61,749
C00386,Customer_386,1003426.3500000001,750
C01715,Customer_1715,1002801.23,751
C02087,Customer_2087,1002337.1799999999,752
C02652,Customer_2652,1002005.3899999999,753
C00204,Customer_204,1001564.73,754
C00563,Customer_563,1000779.75,755
C01852,Customer_1852,1000757.89,756
C01434,Customer_1434,999722.6,757
C01508,Customer_1508,999703.1499999999,758
C02453,Customer_2453,999696.88,759
C01445,Customer_1445,999569.47,760
C01020,Customer_1020,998970.8,761
C01650,Customer_1650,998420.83,762
C02939,Customer_2939,998151.8300000001,763
C01674,Customer_1674,996533.86,764
C00781,Customer_781,995032.3200000001,765
C00693,Customer_693,994266.8,766
C01810,Customer_1810,993173.36,767
C00598,Customer_598,992812.29,768
C01250,Customer_1250,992186.77,769
C01879,Customer_1879,991907.83,770
C00889,Customer_889,990940.1499999999,771
C00849,Customer_849,990774.4500000001,772
C00730,Customer_730,990637.3200000001,773
C01982,Customer_1982,989965.0900000001,774
C00010,Customer_10,989674.99,775
C02866,Customer_2866,989478.1199999999,776
C00754,Customer_754,988373.27,777
C00890,Customer_890,988008.3699999999,778
C02843,Customer_2843,987765.77,779
C01848,Customer_1848,987415.44,780
C02490,Customer_2490,987201.8099999999,781
C02237,Customer_2237,986897.03,782
C02514,Customer_2514,986048.11,783
C00205,Customer_205,985764.84,784
C02225,Customer_2225,985759.01,785
C02968,Customer_2968,985013.7899999999,786
C01302,Customer_1302,984205.03,787
C02927,Customer_2927,984136.99,788
C00314,Customer_314,984128.78,789
C02456,Customer_2456,983951.36,790
C01205,Customer_1205,982569.45,791
C01608,Customer_1608,982260.5,792
C02120,Customer_2120,982075.72,793
C02806,Customer_2806,981067.75,794
C02976,Customer_2976,980730.74,795
C01525,Customer_1525,979271.17,796
C02392,Customer_2392,978919.0900000001,797
C02252,Customer_2252,978362.04,798
C02366,Customer_2366,978022.99,799
C00907,Customer_907,977545.63,800
C01098,Customer_1098,977232.1600000001,801
C01809,Customer_1809,976184.62,802
C01661,Customer_1661,975832.74,803
C02106,Customer_2106,975642.45,804
C02560,Customer_2560,975409.2000000001,805
C01526,Customer_1526,973878.9400000001,806
C00976,Customer_976,973792.5299999999,807
C00637,Customer_637,973747.0,808
C00617,Customer_617,973308.3600000001,809
C01676,Customer_1676,973076.33,810
C02012,Customer_2012,972206.04,811
C01902,Customer_1902,972148.9099999999,812
C01294,Customer_1294,971475.72,813
C02592,Customer_2592,970968.74,814
C01568,Customer_1568,970653.0700000001,815
C00418,Customer_418,970421.15,816
C01722,Customer_1722,970015.3400000001,817
C01208,Customer_1208,967863.3,818
C02188,Customer_2188,967769.37,819
C02916,Customer_2916,965567.54,820
C01833,Customer_1833,965302.64,821
C00785,Customer_785,965130.86,822
C02104,Customer_2104,963810.38,823
C00592,Customer_592,961643.85,824
C00378,Customer_378,960670.06,825
C00764,Customer_764,960340.63,826
C02924,Customer_2924,959053.02,827
C00063,Customer_63,958727.78,828
C01962,Customer_1962,957708.34,829
C00804,Customer_804,956596.06,830
C01234,Customer_1234,956530.98,831
C00445,Customer_445,956062.3899999999,832
C02384,Customer_2384,955981.45,833
C00792,Customer_792,955746.69,834
C00342,Customer_342,955067.69,835
C01812,Customer_1812,955015.5499999999,836
C01759,Customer_1759,953998.55,837
C00996,Customer_996,953451.4,838
C01754,Customer_1754,953129.14,839
C02062,Customer_2062,952758.42,840
C01325,Customer_1325,952404.15,841
C00525,Customer_525,952064.79,842
C00452,Customer_452,951107.6300000001,843
C01243,Customer_1243,949082.64,844
C02740,Customer_2740,948639.51,845
C02242,Customer_2242,947768.52,846
C02393,Customer_2393,945986.5,847
C02152,Customer_2152,945911.84,848
C00614,Customer_614,945448.11,849
C02800,Customer_2800,945378.04,850
C02534,Customer_2534,945045.79,851
C02549,Customer_2549,944793.77,852
C01105,Customer_1105,944614.27,853
C00324,Customer_324,944267.9299999999,854
C02762,Customer_2762,944020.16,855
C02102,Customer_2102,943850.58,856
C00039,Customer_39,943458.42,857
C02901,Customer_2901,941316.9199999999,858
C02156,Customer_2156,939425.03,859
C02356,Customer_2356,939358.1000000001,860
C00310,Customer_310,938383.77,861
C01893,Customer_1893,937664.8300000001,862
C01675,Customer_1675,937585.6799999999,863
C00062,Customer_62,936804.86,864
C02867,Customer_2867,936272.0900000001,865
C00624,Customer_624,936047.0700000001,866
C02966,Customer_2966,935134.69,867
C01969,Customer_1969,935065.7,868
C00194,Customer_194,934603.06,869
C02065,Customer_2065,934324.03,870
C00076,Customer_76,934096.0199999999,871
C02846,Customer_2846,933902.2,872
C02221,Customer_2221,932767.05,873
C02890,Customer_2890,931836.89,874
C00165,Customer_165,930937.38,875
C02331,Customer_2331,930835.08,876
C00629,Customer_629,929635.79,877
C00473,Customer_473,929000.01,878
C01194,Customer_1194,928958.16,879
C01601,Customer_1601,928880.3300000001,880
C01959,Customer_1959,928283.28,881
C01102,Customer_1102,928061.29,882
C01996,Customer_1996,928022.97,883
C01422,Customer_1422,927842.17,884
C02919,Customer_2919,927550.0900000001,885
C00994,Customer_994,926944.82,886
C00715,Customer_715,926898.46,887
C01528,Customer_1528,926822.35,888
C02232,Customer_2232,926800.7799999999,889
C00420,Customer_420,925650.4299999999,890
C01359,Customer_1359,925487.8999999999,891
C02382,Customer_2382,925465.5399999999,892
C02127,Customer_2127,925411.81,893
C00533,Customer_533,925358.0700000001,894
C00373,Customer_373,925247.59,895
C02473,Customer_2473,925113.56,896
C01349,Customer_1349,925059.53,897
C02460,Customer_2460,924352.21,898
C01293,Customer_1293,923386.86,899
C02015,Customer_2015,922688.34,900
C02090,Customer_2090,922666.0,901
C00203,Customer_203,922592.62,902
C02730,Customer_2730,922570.8200000001,903
C01737,Customer_1737,922127.6400000001,904
C01506,Customer_1506,921620.31,905
C00495,Customer_495,921392.63,906
C01580,Customer_1580,920798.8300000001,907
C00325,Customer_325,920495.95,908
C00899,Customer_899,920384.73,909
C00360,Customer_360,919170.5700000001,910
C00962,Customer_962,918033.26,911
C00056,Customer_56,917196.8300000001,912
C01113,Customer_1113,917029.45,913
C01468,Customer_1468,917019.36,914
C02483,Customer_2483,916389.2999999999,915
C01503,Customer_1503,915557.77,916
C00985,Customer_985,915508.0900000001,917
C01485,Customer_1485,915294.8099999999,918
C01257,Customer_1257,914163.45,919
C00365,Customer_365,913892.04,920
C01904,Customer_1904,913130.65,921
C02537,Customer_2537,912679.52,922
C02693,Customer_2693,912264.7499999999,923
C01590,Customer_1590,912254.0399999999,924
C00780,Customer_780,912156.97,925
C01425,Customer_1425,911128.53,926
C00688,Customer_688,911038.8200000001,927
C01459,Customer_1459,910751.7100000001,928
C02885,Customer_2885,910542.76,929
C01613,Customer_1613,910448.38,930
C02631,Customer_2631,910372.11,931
C00055,Customer_55,909999.22,932
C00837,Customer_837,909809.69,933
C02148,Customer_2148,909220.69,934
C02515,Customer_2515,908370.79,935
C00227,Customer_227,908277.8300000001,936
C01135,Customer_1135,907247.84,937
C02251,Customer_2251,906542.01,938
C00549,Customer_549,906074.05,939
C01739,Customer_1739,905592.78,940
C02971,Customer_2971,905383.75,941
C01888,Customer_1888,905311.0800000001,942
C02207,Customer_2207,905279.84,943
C00957,Customer_957,904690.88,944
C01988,Customer_1988,904661.5900000001,945
C01738,Customer_1738,904443.2,946
C00746,Customer_746,903488.85,947
C01131,Customer_1131,903481.22,948
C01213,Customer_1213,903431.94,949
C00855,Customer_855,903076.75,950
C02327,Customer_2327,902971.51,951
C02351,Customer_2351,902131.97,952
C00652,Customer_652,901428.2,953
C01096,Customer_1096,901092.6200000001,954
C00403,Customer_403,900800.45,955
C02442,Customer_2442,900238.03,956
C01322,Customer_1322,899161.78,957
C02111,Customer_2111,899027.66,958
C00327,Customer_327,898240.58,959
C02671,Customer_2671,898076.05,960
C01460,Customer_1460,898061.36,961
C02002,Customer_2002,898013.19,962
C00158,Customer_158,897800.03,963
C01780,Customer_1780,897559.37,964
C01036,Customer_1036,897190.8600000001,965
C02775,Customer_2775,895816.2,966
C01877,Customer_1877,895793.5599999999,967
C00113,Customer_113,895370.97,968
C00724,Customer_724,894815.28,969
C01870,Customer_1870,894788.91,970
C00869,Customer_869,894194.3300000001,971
C01270,Customer_1270,894033.1799999999,972
C00086,Customer_86,893956.97,973
C02036,Customer_2036,893759.25,974
C00751,Customer_751,893678.13,975
C00772,Customer_772,893588.0800000001,976
C01919,Customer_1919,893582.49,977
C01108,Customer_1108,893451.39,978
C00574,Customer_574,893237.78,979
C00299,Customer_299,893193.6,980
C02461,Customer_2461,892792.0700000001,981
C02591,Customer_2591,892574.41,982
C02584,Customer_2584,892364.7899999999,983
C02980,Customer_2980,891627.86,984
C01246,Customer_1246,889789.75,985
C02435,Customer_2435,889353.8699999999,986
C02962,Customer_2962,888657.29,987
C01431,Customer_1431,888243.73,988
C01670,Customer_1670,888238.8099999999,989
C01295,Customer_1295,887864.07,990
C02932,Customer_2932,887197.47,991
C02711,Customer_2711,886586.61,992
C02527,Customer_2527,886286.97,993
C01138,Customer_1138,885907.3200000001,994
C00815,Customer_815,885653.61,995
C01709,Customer_1709,883728.4700000001,996
C00129,Customer_129,883105.98,997
C00146,Customer_146,882182.79,998
C00164,Customer_164,882127.4200000002,999
C01664,Customer_1664,881707.02,1000
C02892,Customer_2892,881671.73,1001
C00379,Customer_379,880452.8500000001,1002
C00970,Customer_970,880413.86,1003
C02739,Customer_2739,880324.1799999999,1004
C02248,Customer_2248,880276.64,1005
C01673,Customer_1673,879763.43,1006
C00304,Customer_304,879259.81,1007
C00083,Customer_83,879177.27,1008
C02469,Customer_2469,878841.25,1009
C02410,Customer_2410,878675.78,1010
C02778,Customer_2778,878577.35,1011
C02726,Customer_2726,878490.88,1012
C02391,Customer_2391,878386.73,1013
C01695,Customer_1695,878344.8200000001,1014
C00126,Customer_126,878218.33,1015
C02531,Customer_2531,876792.6499999999,1016
C01318,Customer_1318,876089.03,1017
C00381,Customer_381,875988.27,1018
C00049,Customer_49,875074.7000000001,1019
C00046,Customer_46,874560.57,1020
C02823,Customer_2823,874189.46,1021
C01802,Customer_1802,873824.12,1022
C02662,Customer_2662,873396.6699999999,1023
C00708,Customer_708,873193.26,1024
C01184,Customer_1184,873136.43,1025
C01688,Customer_1688,872849.78,1026
C02686,Customer_2686,872674.32,1027
C02958,Customer_2958,871262.63,1028
C02066,Customer_2066,870922.1699999999,1029
C02917,Customer_2917,870908.86,1030
C02467,Customer_2467,870810.59,1031
C01876,Customer_1876,870712.8099999999,1032
C00090,Customer_90,870711.52,1033
C00168,Customer_168,869946.78,1034
C02497,Customer_2497,869181.05,1035
C00835,Customer_835,868883.6199999999,1036
C00895,Customer_895,868778.36,1037
C01202,Customer_1202,868252.65,1038
C01998,Customer_1998,868108.59,1039
C00886,Customer_886,868095.62,1040
C02589,Customer_2589,868001.2,1041
C00417,Customer_417,867832.06,1042
C01396,Customer_1396,867485.91,1043
C00975,Customer_975,867198.12,1044
C02600,Customer_2600,866577.8500000001,1045
C02991,Customer_2991,865643.0,1046
C01152,Customer_1152,865486.04,1047
C01065,Customer_1065,865049.84,1048
C01186,Customer_1186,864606.48,1049
C02097,Customer_2097,864493.91,1050
C01891,Customer_1891,864426.64,1051
C02894,Customer_2894,864213.89,1052
C02526,Customer_2526,864210.4,1053
C00955,Customer_955,864203.0800000001,1054
C02625,Customer_2625,864142.24,1055
C01550,Customer_1550,863213.9899999999,1056
C01393,Customer_1393,861949.6000000001,1057
C00133,Customer_133,860853.5399999999,1058
C01920,Customer_1920,860488.36,1059
C01958,Customer_1958,859711.0,1060
C02872,Customer_2872,859007.49,1061
C00561,Customer_561,858136.53,1062
C02845,Customer_2845,856519.26,1063
C02940,Customer_2940,855032.72,1064
C00111,Customer_111,854976.4099999999,1065
C00498,Customer_498,853426.6799999999,1066
C00532,Customer_532,853297.77,1067
C01382,Customer_1382,853049.56,1068
C01308,Customer_1308,852908.79,1069
C00700,Customer_700,852873.8699999999,1070
C00047,Customer_47,852574.8200000001,1071
C01050,Customer_1050,851838.01,1072
C02547,Customer_2547,850771.25,1073
C01136,Customer_1136,850520.1199999999,1074
C02117,Customer_2117,850115.02,1075
C00845,Customer_845,849598.75,1076
C00401,Customer_401,848215.78,1077
C00783,Customer_783,848195.64,1078
C01795,Customer_1795,848192.11,1079
C01364,Customer_1364,847282.31,1080
C02341,Customer_2341,846315.2499999999,1081
C02113,Customer_2113,845696.5,1082
C01227,Customer_1227,845629.11,1083
C01487,Customer_1487,845475.12,1084
C00723,Customer_723,845249.22,1085
C02723,Customer_2723,844887.31,1086
C01954,Customer_1954,844561.74,1087
C00181,Customer_181,844100.8,1088
C01916,Customer_1916,843812.67,1089
C00078,Customer_78,843391.14,1090
C02021,Customer_2021,842579.39,1091
C00421,Customer_421,842245.43,1092
C01155,Customer_1155,840703.89,1093
C00370,Customer_370,840521.19,1094
C01361,Customer_1361,840452.72,1095
C01333,Customer_1333,839470.89,1096
C02074,Customer_2074,839138.7799999999,1097
C02794,Customer_2794,838681.23,1098
C00903,Customer_903,838207.84,1099
C02261,Customer_2261,837353.6799999999,1100
C01013,Customer_1013,837155.4,1101
C00530,Customer_530,837023.54,1102
C01084,Customer_1084,836927.8999999999,1103
C01519,Customer_1519,836715.34,1104
C02234,Customer_2234,836695.1000000001,1105
C00914,Customer_914,836562.24,1106
C00480,Customer_480,835168.9299999999,1107
C01723,Customer_1723,834545.9800000001,1108
C01249,Customer_1249,834467.48,1109
C02807,Customer_2807,834361.84,1110
C02317,Customer_2317,834291.7599999999,1111
C02334,Customer_2334,833961.6699999999,1112
C02742,Customer_2742,833887.67,1113
C01390,Customer_1390,833578.84,1114
C02753,Customer_2753,833236.09,1115
C00282,Customer_282,832703.1000000001,1116
C00570,Customer_570,832523.8700000001,1117
C00917,Customer_917,831144.82,1118
C01646,Customer_1646,830929.28,1119
C01313,Customer_1313,830888.86,1120
C01212,Customer_1212,830480.86,1121
C01986,Customer_1986,830253.1599999999,1122
C00717,Customer_717,829826.88,1123
C00036,Customer_36,829823.76,1124
C01446,Customer_1446,829775.3700000001,1125
C02059,Customer_2059,829727.33,1126
C01332,Customer_1332,829563.16,1127
C01606,Customer_1606,829187.43,1128
C00397,Customer_397,828942.8200000001,1129
C02025,Customer_2025,828386.25,1130
C02745,Customer_2745,828198.27,1131
C02970,Customer_2970,827529.54,1132
C01199,Customer_1199,827521.92,1133
C02936,Customer_2936,827413.76,1134
C01912,Customer_1912,826939.6799999999,1135
C02989,Customer_2989,826845.35,1136
C01377,Customer_1377,825363.99,1137
C01228,Customer_1228,824288.7,1138
C01796,Customer_1796,823285.14,1139
C00989,Customer_989,822789.1,1140
C00406,Customer_406,822330.8200000001,1141
C01815,Customer_1815,821668.06,1142
C00413,Customer_413,821308.39,1143
C02909,Customer_2909,820891.35,1144
C00800,Customer_800,820782.2899999999,1145
C01818,Customer_1818,819931.26,1146
C02765,Customer_2765,819219.3300000001,1147
C01220,Customer_1220,819181.14,1148
C01530,Customer_1530,819113.1799999999,1149
C00128,Customer_128,818102.26,1150
C01233,Customer_1233,817809.6100000001,1151
C01622,Customer_1622,817656.9400000001,1152
C02292,Customer_2292,815967.14,1153
C01467,Customer_1467,815840.73,1154
C02618,Customer_2618,815022.2,1155
C01144,Customer_1144,814964.0399999999,1156
C02509,Customer_2509,814453.6,1157
C02377,Customer_2377,814256.34,1158
C01840,Customer_1840,812742.5800000001,1159
C02374,Customer_2374,812628.6799999999,1160
C02109,Customer_2109,810981.8200000001,1161
C01197,Customer_1197,810718.61,1162
C01296,Customer_1296,810357.47,1163
C02468,Customer_2468,810283.3899999999,1164
C01937,Customer_1937,809476.6900000001,1165
C02160,Customer_2160,809343.58,1166
C01122,Customer_1122,809019.82,1167
C00796,Customer_796,808656.32,1168
C00906,Customer_906,808502.0,1169
C02209,Customer_2209,807514.92,1170
C02601,Customer_2601,807163.51,1171
C00920,Customer_920,807126.27,1172
C02758,Customer_2758,807097.4,1173
C00265,Customer_265,807054.9600000001,1174
C01713,Customer_1713,806863.6399999999,1175
C00454,Customer_454,806444.3300000001,1176
C01647,Customer_1647,806321.16,1177
C01337,Customer_1337,805346.1,1178
C01498,Customer_1498,805284.68,1179
C02411,Customer_2411,805185.85,1180
C02879,Customer_2879,805009.55,1181
C00742,Customer_742,804823.54,1182
C00992,Customer_992,804667.61,1183
C02720,Customer_2720,804535.12,1184
C00638,Customer_638,804274.23,1185
C00368,Customer_368,803909.1099999999,1186
C02140,Customer_2140,803659.12,1187
C01763,Customer_1763,803572.0,1188
C02364,Customer_2364,802679.62,1189
C01889,Customer_1889,802307.07,1190
C01266,Customer_1266,801478.12,1191
C02316,Customer_2316,801382.58,1192
C01235,Customer_1235,800794.64,1193
C01128,Customer_1128,799997.55,1194
C01338,Customer_1338,799202.95,1195
C02426,Customer_2426,798727.63,1196
C00607,Customer_607,798539.46,1197
C00797,Customer_797,798370.73,1198
C02828,Customer_2828,798137.0599999999,1199
C01146,Customer_1146,797957.25,1200
C00477,Customer_477,797213.4299999999,1201
C02629,Customer_2629,796816.05,1202
C01401,Customer_1401,796674.5700000001,1203
C01360,Customer_1360,795837.77,1204
C00552,Customer_552,795632.13,1205
C00288,Customer_288,794455.63,1206
C01047,Customer_1047,792001.56,1207
C02155,Customer_2155,791865.56,1208
C02110,Customer_2110,791735.85,1209
C01643,Customer_1643,791409.1799999999,1210
C01410,Customer_1410,791230.76,1211
C02053,Customer_2053,791026.22,1212
C02388,Customer_2388,790979.4299999999,1213
C00461,Customer_461,789423.57,1214
C01078,Customer_1078,788876.22,1215
C00615,Customer_615,788846.73,1216
C00332,Customer_332,788718.36,1217
C01119,Customer_1119,788127.85,1218
C02191,Customer_2191,787913.13,1219
C01562,Customer_1562,787650.7,1220
C02963,Customer_2963,787428.31,1221
C02837,Customer_2837,787152.39,1222
C02385,Customer_2385,787065.7200000001,1223
C01024,Customer_1024,786713.8,1224
C01665,Customer_1665,786508.03,1225
C01953,Customer_1953,785496.76,1226
C02430,Customer_2430,785277.59,1227
C00943,Customer_943,785149.2,1228
C00840,Customer_840,784861.0599999999,1229
C01174,Customer_1174,784854.6399999999,1230
C02950,Customer_2950,784408.96,1231
C00435,Customer_435,784075.98,1232
C01690,Customer_1690,783980.61,1233
C01634,Customer_1634,783626.41,1234
C00136,Customer_136,783475.76,1235
C00839,Customer_839,783035.6599999999,1236
C02539,Customer_2539,782657.59,1237
C00999,Customer_999,781868.2,1238
C02850,Customer_2850,781694.27,1239
C01964,Customer_1964,781614.15,1240
C02247,Customer_2247,781433.53,1241
C01520,Customer_1520,780837.0,1242
C02738,Customer_2738,779997.6599999999,1243
C00847,Customer_847,779688.6200000001,1244
C02724,Customer_2724,779579.27,1245
C00037,Customer_37,779142.7899999999,1246
C00274,Customer_274,779041.06,1247
C00695,Customer_695,778766.34,1248
C02177,Customer_2177,778698.9199999999,1249
C00595,Customer_595,778289.95,1250
C00599,Customer_599,778211.95,1251
C00013,Customer_13,777905.62,1252
C00698,Customer_698,777520.26,1253
C01850,Customer_1850,777467.8900000001,1254
C01589,Customer_1589,777405.71,1255
C01224,Customer_1224,777402.8,1256
C02186,Customer_2186,777025.09,1257
C01572,Customer_1572,776622.06,1258
C00008,Customer_8,776531.24,1259
C02296,Customer_2296,776297.0,1260
C02269,Customer_2269,776047.12,1261
C01421,Customer_1421,775950.5,1262
C01621,Customer_1621,775877.0199999999,1263
C00438,Customer_438,774267.01,1264
C02552,Customer_2552,774106.97,1265
C00349,Customer_349,773821.1799999999,1266
C00057,Customer_57,772453.77,1267
C02082,Customer_2082,771792.31,1268
C00952,Customer_952,771655.94,1269
C00794,Customer_794,771209.74,1270
C01495,Customer_1495,771149.47,1271
C00651,Customer_651,770395.39,1272
C00778,Customer_778,770373.9,1273
C01991,Customer_1991,769944.8500000001,1274
C02279,Customer_2279,768609.45,1275
C00229,Customer_229,768440.31,1276
C00733,Customer_733,768422.13,1277
C00506,Customer_506,767693.06,1278
C00611,Customer_611,765964.83,1279
C00832,Customer_832,765334.85,1280
C02494,Customer_2494,765038.65,1281
C00177,Customer_177,764433.55,1282
C01281,Customer_1281,763738.87,1283
C01605,Customer_1605,762886.7,1284
C02658,Customer_2658,762725.65,1285
C02228,Customer_2228,762049.75,1286
C01347,Customer_1347,761607.2999999999,1287
C00732,Customer_732,761381.0499999999,1288
C00433,Customer_433,760341.1900000001,1289
C00827,Customer_827,760173.75,1290
C01206,Customer_1206,758856.27,1291
C02577,Customer_2577,758743.16,1292
C02249,Customer_2249,758694.76,1293
C02748,Customer_2748,758648.99,1294
C01111,Customer_1111,756897.55,1295
C00023,Customer_23,756883.26,1296
C01058,Customer_1058,756608.77,1297
C00228,Customer_228,756522.58,1298
C02195,Customer_2195,756405.81,1299
C01052,Customer_1052,756267.51,1300
C01217,Customer_1217,756215.45,1301
C01955,Customer_1955,755810.23,1302
C01560,Customer_1560,755714.63,1303
C01480,Customer_1480,755359.2,1304
C02005,Customer_2005,754784.69,1305
C00135,Customer_135,754511.14,1306
C02915,Customer_2915,753792.96,1307
C02948,Customer_2948,753508.46,1308
C02450,Customer_2450,752781.43,1309
C00091,Customer_91,752384.57,1310
C01086,Customer_1086,752086.11,1311
C01341,Customer_1341,752046.81,1312
C00755,Customer_755,750861.53,1313
C00011,Customer_11,750812.36,1314
C01120,Customer_1120,750699.86,1315
C02925,Customer_2925,749998.03,1316
C01762,Customer_1762,749833.04,1317
C00612,Customer_612,749746.38,1318
C01288,Customer_1288,749598.36,1319
C02447,Customer_2447,748801.97,1320
C00200,Customer_200,748697.37,1321
C00112,Customer_112,748380.12,1322
C01426,Customer_1426,747715.3499999999,1323
C00749,Customer_749,746227.66,1324
C00729,Customer_729,745893.07,1325
C01729,Customer_1729,744988.89,1326
C00247,Customer_247,744493.61,1327
C02878,Customer_2878,744212.3,1328
C01828,Customer_1828,743759.77,1329
C02599,Customer_2599,743427.1399999999,1330
C00566,Customer_566,743305.75,1331
C02135,Customer_2135,742269.77,1332
C00175,Customer_175,742019.5499999999,1333
C00192,Customer_192,741786.91,1334
C02579,Customer_2579,741611.44,1335
C01834,Customer_1834,740965.41,1336
C02161,Customer_2161,740796.96,1337
C00670,Customer_670,740720.65,1338
C00156,Customer_156,740675.6699999999,1339
C00491,Customer_491,740469.69,1340
C02606,Customer_2606,739733.5,1341
C02073,Customer_2073,739721.81,1342
C01564,Customer_1564,739324.32,1343
C00232,Customer_232,739138.1099999999,1344
C02399,Customer_2399,738564.53,1345
C00148,Customer_148,738230.07,1346
C00214,Customer_214,738052.0,1347
C02037,Customer_2037,737980.36,1348
C00620,Customer_620,737496.98,1349
C02180,Customer_2180,737279.27,1350
C01783,Customer_1783,737263.62,1351
C02541,Customer_2541,736217.64,1352
C00675,Customer_675,735967.1900000001,1353
C00526,Customer_526,735658.69,1354
C00066,Customer_66,735369.55,1355
C02918,Customer_2918,735117.8999999999,1356
C02441,Customer_2441,734722.43,1357
C01029,Customer_1029,734575.5499999999,1358
C01232,Customer_1232,734468.36,1359
C00805,Customer_805,734214.01,1360
C02286,Customer_2286,731922.94,1361
C01012,Customer_1012,731596.76,1362
C02830,Customer_2830,731488.7,1363
C02001,Customer_2001,731428.78,1364
C02480,Customer_2480,731012.01,1365
C00731,Customer_731,730641.48,1366
C02075,Customer_2075,730576.31,1367
C01464,Customer_1464,730568.08,1368
C02340,Customer_2340,730383.57,1369
C01718,Customer_1718,730378.62,1370
C00329,Customer_329,730238.35,1371
C01415,Customer_1415,729964.08,1372
C01082,Customer_1082,729938.9099999999,1373
C02071,Customer_2071,729929.8,1374
C00293,Customer_293,729919.69,1375
C00711,Customer_711,729546.3700000001,1376
C01472,Customer_1472,729201.43,1377
C00157,Customer_157,729181.59,1378
C02153,Customer_2153,727974.3300000001,1379
C01363,Customer_1363,727885.9199999999,1380
C00619,Customer_619,726885.46,1381
C02747,Customer_2747,726824.09,1382
C00876,Customer_876,726491.81,1383
C00537,Customer_537,726490.57,1384
C02157,Customer_2157,726386.35,1385
C01573,Customer_1573,726302.84,1386
C02754,Customer_2754,725953.16,1387
C01511,Customer_1511,725944.6,1388
C02199,Customer_2199,725694.3400000001,1389
C02511,Customer_2511,725247.39,1390
C02813,Customer_2813,725190.69,1391
C01354,Customer_1354,724752.38,1392
C01545,Customer_1545,724479.73,1393
C00159,Customer_159,723719.6799999999,1394
C01945,Customer_1945,723141.51,1395
C01669,Customer_1669,723072.32,1396
C02670,Customer_2670,722795.88,1397
C02231,Customer_2231,722756.75,1398
C02044,Customer_2044,722606.18,1399
C01505,Customer_1505,722584.5700000001,1400
C01123,Customer_1123,720917.87,1401
C00492,Customer_492,720183.41,1402
C00141,Customer_141,719592.17,1403
C00626,Customer_626,718281.38,1404
C00143,Customer_143,718187.7,1405
C02785,Customer_2785,717594.98,1406
C00686,Customer_686,717513.33,1407
C01456,Customer_1456,717185.92,1408
C01537,Customer_1537,716803.61,1409
C00340,Customer_340,716520.59,1410
C01851,Customer_1851,716308.29,1411
C00877,Customer_877,716277.53,1412
C01514,Customer_1514,716143.0599999999,1413
C00328,Customer_328,716085.65,1414
C01720,Customer_1720,715948.47,1415
C02491,Customer_2491,715374.42,1416
C02882,Customer_2882,715336.47,1417
C01466,Customer_1466,714932.64,1418
C02206,Customer_2206,714316.35,1419
C01963,Customer_1963,713954.26,1420
C01644,Customer_1644,713917.91,1421
C02690,Customer_2690,713737.19,1422
C01861,Customer_1861,713349.8,1423
C02400,Customer_2400,713332.72,1424
C00366,Customer_366,713160.28,1425
C00478,Customer_478,712379.36,1426
C02119,Customer_2119,711858.9299999999,1427
C00240,Customer_240,711806.22,1428
C02368,Customer_2368,711144.5,1429
C02769,Customer_2769,710761.7000000001,1430
C02315,Customer_2315,710628.96,1431
C01093,Customer_1093,710023.1699999999,1432
C00602,Customer_602,709680.47,1433
C02864,Customer_2864,709134.02,1434
C01353,Customer_1353,707938.74,1435
C02913,Customer_2913,707869.35,1436
C00678,Customer_678,707564.52,1437
C00584,Customer_584,707314.5800000001,1438
C01263,Customer_1263,707096.64,1439
C00728,Customer_728,707085.8099999999,1440
C02788,Customer_2788,706968.32,1441
C00448,Customer_448,706424.8,1442
C02581,Customer_2581,706175.6,1443
C02561,Customer_2561,705906.32,1444
C02548,Customer_2548,705822.35,1445
C02605,Customer_2605,705800.79,1446
C01631,Customer_1631,705790.33,1447
C00221,Customer_221,704783.7,1448
C00117,Customer_117,704502.16,1449
C01303,Customer_1303,704036.12,1450
C01743,Customer_1743,703307.8500000001,1451
C00567,Customer_567,702853.13,1452
C00642,Customer_642,702837.73,1453
C00659,Customer_659,702066.3099999999,1454
C01153,Customer_1153,701857.88,1455
C01139,Customer_1139,701794.86,1456
C00641,Customer_641,701360.96,1457
C01866,Customer_1866,701111.25,1458
C00502,Customer_502,700807.25,1459
C01645,Customer_1645,699920.3499999999,1460
C02571,Customer_2571,699854.11,1461
C00188,Customer_188,699395.63,1462
C01286,Customer_1286,699288.49,1463
C02145,Customer_2145,698559.62,1464
C01429,Customer_1429,698339.4299999999,1465
C00198,Customer_198,698146.97,1466
C00590,Customer_590,698144.52,1467
C00761,Customer_761,698048.71,1468
C02691,Customer_2691,697899.26,1469
C00472,Customer_472,697776.39,1470
C00773,Customer_773,697223.97,1471
C00167,Customer_167,697171.6599999999,1472
C01598,Customer_1598,697018.01,1473
C01210,Customer_1210,696808.26,1474
C00900,Customer_900,696263.54,1475
C02953,Customer_2953,695847.86,1476
C01161,Customer_1161,695349.21,1477
C00966,Customer_966,695264.81,1478
C01404,Customer_1404,694971.4,1479
C02572,Customer_2572,694099.02,1480
C01857,Customer_1857,693222.48,1481
C02612,Customer_2612,692556.3999999999,1482
C02031,Customer_2031,691651.38,1483
C00852,Customer_852,691406.99,1484
C01961,Customer_1961,691266.3400000001,1485
C00972,Customer_972,691102.48,1486
C02417,Customer_2417,690786.96,1487
C01768,Customer_1768,690284.62,1488
C00912,Customer_912,689550.06,1489
C02254,Customer_2254,689157.61,1490
C02834,Customer_2834,689076.08,1491
C02504,Customer_2504,688744.1599999999,1492
C01455,Customer_1455,688073.4299999999,1493
C01700,Customer_1700,687797.4199999999,1494
C02651,Customer_2651,687641.35,1495
C00866,Customer_866,687595.47,1496
C01048,Customer_1048,687535.53,1497
C01049,Customer_1049,687261.14,1498
C00947,Customer_947,687196.1799999999,1499
C01794,Customer_1794,687107.88,1500
C00120,Customer_120,686376.28,1501
C00266,Customer_266,685863.1,1502
C02459,Customer_2459,685746.51,1503
C02414,Customer_2414,685571.23,1504
C02424,Customer_2424,685334.85,1505
C01655,Customer_1655,685324.65,1506
C02858,Customer_2858,684985.89,1507
C01620,Customer_1620,684793.6900000001,1508
C01141,Customer_1141,684788.58,1509
C01162,Customer_1162,684677.9,1510
C00803,Customer_803,684591.7,1511
C02475,Customer_2475,684156.26,1512
C00606,Customer_606,683962.6799999999,1513
C02525,Customer_2525,683918.24,1514
C01447,Customer_1447,683531.14,1515
C02957,Customer_2957,683225.86,1516
C01350,Customer_1350,682263.73,1517
C00818,Customer_818,682258.1499999999,1518
C02923,Customer_2923,682244.14,1519
C02452,Customer_2452,682221.12,1520
C00355,Customer_355,682092.72,1521
C01476,Customer_1476,681365.48,1522
C02011,Customer_2011,680945.05,1523
C00475,Customer_475,680928.96,1524
C00513,Customer_513,680857.49,1525
C02498,Customer_2498,680786.38,1526
C02091,Customer_2091,680743.61,1527
C01827,Customer_1827,680675.06,1528
C00415,Customer_415,680398.12,1529
C02079,Customer_2079,680209.44,1530
C02305,Customer_2305,680150.4299999999,1531
C00297,Customer_297,679854.52,1532
C02369,Customer_2369,679510.37,1533
C01892,Customer_1892,679155.42,1534
C01615,Customer_1615,679094.08,1535
C02029,Customer_2029,678786.3099999999,1536
C01409,Customer_1409,678786.28,1537
C00618,Customer_618,678566.9400000001,1538
C00831,Customer_831,677943.52,1539
C01660,Customer_1660,677870.06,1540
C01913,Customer_1913,677554.25,1541
C00173,Customer_173,677487.92,1542
C02371,Customer_2371,677090.0599999999,1543
C00449,Customer_449,676876.39,1544
C02997,Customer_2997,676850.7,1545
C00255,Customer_255,676511.21,1546
C01859,Customer_1859,676245.5499999999,1547
C01925,Customer_1925,675789.37,1548
C02006,Customer_2006,674595.76,1549
C00246,Customer_246,673982.71,1550
C01817,Customer_1817,673670.08,1551
C02604,Customer_2604,672908.37,1552
C01922,Customer_1922,672462.79,1553
C02330,Customer_2330,671768.71,1554
C02865,Customer_2865,671366.56,1555
C01201,Customer_1201,671297.7,1556
C02663,Customer_2663,670857.12,1557
C02818,Customer_2818,670097.56,1558
C02362,Customer_2362,669596.59,1559
C00927,Customer_927,669404.72,1560
C00104,Customer_104,669140.23,1561
C01367,Customer_1367,669002.64,1562
C00121,Customer_121,668889.1599999999,1563
C02263,Customer_2263,668684.1699999999,1564
C01924,Customer_1924,668679.86,1565
C02347,Customer_2347,668609.75,1566
C00389,Customer_389,668443.1799999999,1567
C01010,Customer_1010,668404.61,1568
C00848,Customer_848,668310.88,1569
C00747,Customer_747,667549.71,1570
C02569,Customer_2569,667498.11,1571
C00683,Customer_683,667209.21,1572
C01775,Customer_1775,667157.5,1573
C01777,Customer_1777,666989.04,1574
C02390,Customer_2390,666005.06,1575
C01735,Customer_1735,665887.64,1576
C02771,Customer_2771,665886.71,1577
C01781,Customer_1781,665774.27,1578
C02240,Customer_2240,665559.23,1579
C02524,Customer_2524,665534.8,1580
C01711,Customer_1711,665311.06,1581
C01905,Customer_1905,663478.7100000001,1582
C01633,Customer_1633,663231.81,1583
C00275,Customer_275,662956.08,1584
C01652,Customer_1652,662503.86,1585
C00759,Customer_759,662484.1699999999,1586
C01348,Customer_1348,662426.42,1587
C00600,Customer_600,661448.3099999999,1588
C01858,Customer_1858,661098.34,1589
C00655,Customer_655,661050.6599999999,1590
C01839,Customer_1839,661037.79,1591
C02759,Customer_2759,661014.37,1592
C00935,Customer_935,659895.15,1593
C01935,Customer_1935,659836.65,1594
C02068,Customer_2068,659590.97,1595
C01600,Customer_1600,659179.49,1596
C00272,Customer_272,659109.13,1597
C01556,Customer_1556,658190.41,1598
C02556,Customer_2556,657478.11,1599
C02786,Customer_2786,657351.35,1600
C01860,Customer_1860,656697.64,1601
C01018,Customer_1018,655567.04,1602
C02287,Customer_2287,655397.6399999999,1603
C01486,Customer_1486,655320.73,1604
C02189,Customer_2189,654520.8999999999,1605
C01830,Customer_1830,654244.61,1606
C01376,Customer_1376,653543.89,1607
C02516,Customer_2516,653472.1399999999,1608
C00439,Customer_439,653408.8700000001,1609
C00065,Customer_65,652886.9,1610
C02944,Customer_2944,652863.49,1611
C00382,Customer_382,652620.5499999999,1612
C00234,Customer_234,652365.48,1613
C02310,Customer_2310,650379.77,1614
C01316,Customer_1316,650273.0800000001,1615
C02149,Customer_2149,650086.9299999999,1616
C02797,Customer_2797,650033.96,1617
C01571,Customer_1571,649742.15,1618
C00359,Customer_359,649387.13,1619
C01872,Customer_1872,648790.9199999999,1620
C01696,Customer_1696,648754.69,1621
C01730,Customer_1730,648598.52,1622
C00528,Customer_528,648209.34,1623
C02564,Customer_2564,648081.1699999999,1624
C00085,Customer_85,647579.84,1625
C00132,Customer_132,646857.6399999999,1626
C01274,Customer_1274,646767.4099999999,1627
C01952,Customer_1952,646125.25,1628
C00176,Customer_176,645747.05,1629
C02226,Customer_2226,645459.3300000001,1630
C01042,Customer_1042,645211.28,1631
C01399,Customer_1399,644772.08,1632
C01507,Customer_1507,644488.51,1633
C00784,Customer_784,644480.5499999999,1634
C00979,Customer_979,644276.85,1635
C02267,Customer_2267,644253.28,1636
C00973,Customer_973,644120.58,1637
C00850,Customer_850,643599.28,1638
C01632,Customer_1632,642671.87,1639
C00531,Customer_531,642492.75,1640
C01321,Customer_1321,641993.96,1641
C02212,Customer_2212,641620.31,1642
C01002,Customer_1002,641493.23,1643
C02998,Customer_2998,641481.5700000001,1644
C00290,Customer_290,641402.1799999999,1645
C02423,Customer_2423,641163.55,1646
C01980,Customer_1980,641115.06,1647
C03000,Customer_3000,641076.22,1648
C02159,Customer_2159,640490.17,1649
C02386,Customer_2386,640287.13,1650
C02566,Customer_2566,640271.44,1651
C01798,Customer_1798,639903.6599999999,1652
C00984,Customer_984,639412.11,1653
C00944,Customer_944,639151.41,1654
C00416,Customer_416,638824.46,1655
C01971,Customer_1971,638213.2,1656
C02404,Customer_2404,637861.6799999999,1657
C02280,Customer_2280,637218.89,1658
C00189,Customer_189,637032.82,1659
C02080,Customer_2080,636914.6,1660
C02420,Customer_2420,636717.03,1661
C00499,Customer_499,635650.91,1662
C00364,Customer_364,635575.94,1663
C02583,Customer_2583,635197.52,1664
C00301,Customer_301,634003.73,1665
C00862,Customer_862,633689.05,1666
C02682,Customer_2682,632814.7,1667
C02832,Customer_2832,632601.63,1668
C00186,Customer_186,631062.04,1669
C01918,Customer_1918,630317.4099999999,1670
C02092,Customer_2092,630306.7799999999,1671
C01344,Customer_1344,630283.45,1672
C00924,Customer_924,630207.1,1673
C02545,Customer_2545,630117.26,1674
C02086,Customer_2086,629760.56,1675
C01033,Customer_1033,629394.46,1676
C02123,Customer_2123,629237.03,1677
C01183,Customer_1183,628385.36,1678
C01826,Customer_1826,627549.05,1679
C01887,Customer_1887,627446.5,1680
C02544,Customer_2544,627067.92,1681
C00321,Customer_321,626787.59,1682
C01543,Customer_1543,626543.17,1683
C00793,Customer_793,626189.68,1684
C02938,Customer_2938,626036.56,1685
C01240,Customer_1240,625734.56,1686
C00028,Customer_28,625705.15,1687
C00002,Customer_2,625539.22,1688
C01825,Customer_1825,625475.7899999999,1689
C00224,Customer_224,624606.83,1690
C01785,Customer_1785,624200.37,1691
C01923,Customer_1923,624132.7,1692
C01712,Customer_1712,624013.47,1693
C00068,Customer_68,623743.54,1694
C02637,Customer_2637,623684.53,1695
C01746,Customer_1746,623646.76,1696
C02945,Customer_2945,622822.1299999999,1697
C00504,Customer_504,622039.47,1698
C02241,Customer_2241,621742.76,1699
C02644,Customer_2644,621547.16,1700
C02167,Customer_2167,621433.51,1701
C00965,Customer_965,620371.5,1702
C01214,Customer_1214,620002.2000000001,1703
C02708,Customer_2708,619969.12,1704
C01398,Customer_1398,619807.0800000001,1705
C00841,Customer_841,619293.08,1706
C02017,Customer_2017,618812.34,1707
C01555,Customer_1555,618569.78,1708
C01536,Customer_1536,618000.93,1709
C01164,Customer_1164,617802.53,1710
C02844,Customer_2844,617494.76,1711
C01911,Customer_1911,616376.48,1712
C01724,Customer_1724,616043.01,1713
C02954,Customer_2954,615877.96,1714
C02332,Customer_2332,615819.6699999999,1715
C02204,Customer_2204,615793.01,1716
C02169,Customer_2169,614294.52,1717
C00087,Customer_87,614181.93,1718
C01352,Customer_1352,613328.44,1719
C00863,Customer_863,613124.85,1720
C02387,Customer_2387,612255.9299999999,1721
C01641,Customer_1641,611615.46,1722
C00548,Customer_548,610276.6799999999,1723
C00362,Customer_362,609598.7999999999,1724
C02920,Customer_2920,608982.5800000001,1725
C00052,Customer_52,608979.74,1726
C00779,Customer_779,608680.0800000001,1727
C01821,Customer_1821,608517.3999999999,1728
C01764,Customer_1764,608506.61,1729
C02171,Customer_2171,607661.3,1730
C02912,Customer_2912,607019.77,1731
C02621,Customer_2621,606832.42,1732
C02518,Customer_2518,606735.73,1733
C02650,Customer_2650,606508.17,1734
C00545,Customer_545,606473.85,1735
C01461,Customer_1461,606121.37,1736
C02235,Customer_2235,605400.94,1737
C01151,Customer_1151,604946.98,1738
C00459,Customer_459,604916.1799999999,1739
C02731,Customer_2731,604583.31,1740
C00694,Customer_694,603979.11,1741
C00756,Customer_756,603017.97,1742
C01747,Customer_1747,602956.86,1743
C00873,Customer_873,602944.14,1744
C00650,Customer_650,602748.48,1745
C00202,Customer_202,602463.11,1746
C00289,Customer_289,602291.91,1747
C02274,Customer_2274,601664.58,1748
C00540,Customer_540,601580.38,1749
C01819,Customer_1819,601398.49,1750
C00326,Customer_326,600533.23,1751
C00286,Customer_286,600473.86,1752
C00656,Customer_656,600429.12,1753
C02732,Customer_2732,600173.79,1754
C00836,Customer_836,600085.46,1755
C00251,Customer_251,599219.77,1756
C01298,Customer_1298,598292.24,1757
C00782,Customer_782,597734.4,1758
C02339,Customer_2339,596701.66,1759
C02276,Customer_2276,596419.89,1760
C02465,Customer_2465,596027.72,1761
C00964,Customer_964,595518.97,1762
C02816,Customer_2816,595387.67,1763
C02710,Customer_2710,595238.71,1764
C01158,Customer_1158,594868.37,1765
C00231,Customer_231,594632.58,1766
C02176,Customer_2176,594561.34,1767
C01939,Customer_1939,594174.78,1768
C02471,Customer_2471,593544.07,1769
C02492,Customer_2492,591919.48,1770
C01269,Customer_1269,591741.44,1771
C02508,Customer_2508,591562.85,1772
C02380,Customer_2380,590818.87,1773
C02396,Customer_2396,590353.62,1774
C02320,Customer_2320,589957.6799999999,1775
C01387,Customer_1387,589323.99,1776
C01900,Customer_1900,588561.5700000001,1777
C00179,Customer_179,587453.8,1778
C01372,Customer_1372,587383.86,1779
C00285,Customer_285,587171.19,1780
C01497,Customer_1497,586742.43,1781
C00649,Customer_649,586516.56,1782
C00268,Customer_268,586008.0,1783
C01491,Customer_1491,585909.35,1784
C02635,Customer_2635,585891.3899999999,1785
C02841,Customer_2841,585704.66,1786
C00647,Customer_647,585698.59,1787
C01327,Customer_1327,585632.01,1788
C02907,Customer_2907,584829.97,1789
C02999,Customer_2999,584609.48,1790
C02354,Customer_2354,584118.69,1791
C02654,Customer_2654,583385.13,1792
C02023,Customer_2023,582967.47,1793
C01803,Customer_1803,582828.71,1794
C02357,Customer_2357,582594.44,1795
C00926,Customer_926,582055.64,1796
C01806,Customer_1806,581937.43,1797
C01373,Customer_1373,581923.34,1798
C02193,Customer_2193,581594.0700000001,1799
C00503,Customer_503,581580.0,1800
C00182,Customer_182,581272.9,1801
C00509,Customer_509,581263.02,1802
C02510,Customer_2510,581194.44,1803
C01841,Customer_1841,580824.29,1804
C02293,Customer_2293,580034.24,1805
C00485,Customer_485,579773.07,1806
C01283,Customer_1283,579393.49,1807
C01906,Customer_1906,579255.14,1808
C02869,Customer_2869,578700.17,1809
C00527,Customer_527,578552.05,1810
C02034,Customer_2034,578009.58,1811
C00834,Customer_834,577511.1299999999,1812
C02781,Customer_2781,577423.4299999999,1813
C01413,Customer_1413,577113.85,1814
C02664,Customer_2664,576481.09,1815
C02141,Customer_2141,575840.62,1816
C01984,Customer_1984,575480.1599999999,1817
C00333,Customer_333,575125.72,1818
C00166,Customer_166,575120.56,1819
C00771,Customer_771,574605.95,1820
C00868,Customer_868,574371.02,1821
C01884,Customer_1884,574054.82,1822
C01947,Customer_1947,573557.0599999999,1823
C02796,Customer_2796,571973.55,1824
C01744,Customer_1744,571965.46,1825
C02489,Customer_2489,571827.4,1826
C00940,Customer_940,571486.09,1827
C02616,Customer_2616,571105.16,1828
C02825,Customer_2825,570691.83,1829
C00958,Customer_958,570540.73,1830
C02304,Customer_2304,569974.95,1831
C02291,Customer_2291,569960.02,1832
C00119,Customer_119,568723.67,1833
C00163,Customer_163,568267.53,1834
C01458,Customer_1458,568226.46,1835
C02990,Customer_2990,568175.45,1836
C01181,Customer_1181,567532.37,1837
C00666,Customer_666,567261.11,1838
C01132,Customer_1132,567198.47,1839
C00302,Customer_302,567124.75,1840
C02372,Customer_2372,566759.67,1841
C02852,Customer_2852,565887.37,1842
C01326,Customer_1326,564657.88,1843
C02617,Customer_2617,564631.72,1844
C00941,Customer_941,564333.29,1845
C00201,Customer_201,563671.6,1846
C02215,Customer_2215,563480.65,1847
C00961,Customer_961,563204.35,1848
C02624,Customer_2624,562207.88,1849
C02777,Customer_2777,561751.47,1850
C02303,Customer_2303,561604.6799999999,1851
C01614,Customer_1614,561522.01,1852
C00169,Customer_169,561500.5,1853
C00722,Customer_722,561437.64,1854
C00802,Customer_802,561365.99,1855
C01030,Customer_1030,561266.94,1856
C02355,Customer_2355,560621.58,1857
C02587,Customer_2587,560575.46,1858
C01438,Customer_1438,560237.47,1859
C01362,Customer_1362,560107.13,1860
C00412,Customer_412,559992.11,1861
C01156,Customer_1156,559972.02,1862
C00968,Customer_968,559716.03,1863
C02045,Customer_2045,559256.14,1864
C00983,Customer_983,558801.09,1865
C00196,Customer_196,558306.8999999999,1866
C02187,Customer_2187,557691.6799999999,1867
C00739,Customer_739,557579.11,1868
C01289,Customer_1289,557066.7,1869
C02192,Customer_2192,556973.3099999999,1870
C02648,Customer_2648,556444.03,1871
C00088,Customer_88,556123.25,1872
C01115,Customer_1115,556012.7999999999,1873
C00374,Customer_374,555608.73,1874
C02502,Customer_2502,555425.06,1875
C01792,Customer_1792,555273.0299999999,1876
C00627,Customer_627,554990.6900000001,1877
C02352,Customer_2352,554944.58,1878
C01465,Customer_1465,554748.42,1879
C01272,Customer_1272,554730.57,1880
C01875,Customer_1875,554533.72,1881
C02403,Customer_2403,554431.14,1882
C00682,Customer_682,554119.42,1883
C02863,Customer_2863,553893.7,1884
C01907,Customer_1907,553643.9,1885
C02126,Customer_2126,553084.3,1886
C00058,Customer_58,552745.5900000001,1887
C01539,Customer_1539,552140.95,1888
C02620,Customer_2620,551573.99,1889
C01727,Customer_1727,550415.11,1890
C00696,Customer_696,550366.29,1891
C02138,Customer_2138,550047.46,1892
C00738,Customer_738,549092.59,1893
C02614,Customer_2614,549088.76,1894
C01704,Customer_1704,548821.4199999999,1895
C01896,Customer_1896,548216.8,1896
C02183,Customer_2183,547919.39,1897
C00799,Customer_799,547639.14,1898
C02900,Customer_2900,546929.43,1899
C02935,Customer_2935,546849.97,1900
C02309,Customer_2309,545770.3300000001,1901
C02993,Customer_2993,545579.08,1902
C00896,Customer_896,545295.89,1903
C00075,Customer_75,544664.5900000001,1904
C01842,Customer_1842,543952.08,1905
C00487,Customer_487,543395.89,1906
C00044,Customer_44,543117.5800000001,1907
C01428,Customer_1428,543041.96,1908
C01069,Customer_1069,542887.69,1909
C02282,Customer_2282,542830.26,1910
C00572,Customer_572,542454.51,1911
C01315,Customer_1315,542387.5,1912
C00669,Customer_669,542184.53,1913
C01067,Customer_1067,542080.0,1914
C01420,Customer_1420,541729.22,1915
C02911,Customer_2911,541701.6,1916
C02994,Customer_2994,541550.13,1917
C02290,Customer_2290,541348.58,1918
C02094,Customer_2094,540976.84,1919
C00789,Customer_789,540325.37,1920
C01544,Customer_1544,539467.4299999999,1921
C00508,Customer_508,539255.0,1922
C00518,Customer_518,538702.61,1923
C02051,Customer_2051,537596.59,1924
C02359,Customer_2359,537535.08,1925
C02089,Customer_2089,537455.9400000001,1926
C02766,Customer_2766,537221.36,1927
C01529,Customer_1529,536358.53,1928
C02906,Customer_2906,536108.5,1929
C02030,Customer_2030,535869.57,1930
C00819,Customer_819,535851.6699999999,1931
C01126,Customer_1126,535737.89,1932
C02678,Customer_2678,535723.69,1933
C00539,Customer_539,535387.71,1934
C01165,Customer_1165,534867.73,1935
C00745,Customer_745,534455.77,1936
C00565,Customer_565,534174.29,1937
C02227,Customer_2227,534079.5900000001,1938
C02285,Customer_2285,533914.46,1939
C01452,Customer_1452,532976.9299999999,1940
C02499,Customer_2499,532914.51,1941
C00468,Customer_468,532850.7100000001,1942
C00404,Customer_404,532009.0,1943
C01335,Customer_1335,531923.9,1944
C01242,Customer_1242,531758.47,1945
C02513,Customer_2513,531731.11,1946
C02675,Customer_2675,530909.1,1947
C01946,Customer_1946,530867.66,1948
C01667,Customer_1667,530810.97,1949
C01435,Customer_1435,530794.29,1950
C02926,Customer_2926,530667.49,1951
C02379,Customer_2379,530455.4099999999,1952
C02142,Customer_2142,530167.42,1953
C02704,Customer_2704,529955.89,1954
C00407,Customer_407,529762.75,1955
C00829,Customer_829,529377.5800000001,1956
C02743,Customer_2743,528959.1799999999,1957
C01256,Customer_1256,528717.63,1958
C01799,Customer_1799,528009.58,1959
C00207,Customer_207,527775.86,1960
C02474,Customer_2474,527696.87,1961
C01494,Customer_1494,527429.12,1962
C00757,Customer_757,526630.08,1963
C00239,Customer_239,526155.87,1964
C01965,Customer_1965,526051.99,1965
C02853,Customer_2853,525365.56,1966
C01681,Customer_1681,525294.77,1967
C00603,Customer_603,524741.96,1968
C02634,Customer_2634,524677.3099999999,1969
C00864,Customer_864,523964.27,1970
C00788,Customer_788,523561.63,1971
C00515,Customer_515,523475.01999999996,1972
C01022,Customer_1022,523351.63999999996,1973
C01179,Customer_1179,523314.9,1974
C01883,Customer_1883,522988.25,1975
C01005,Customer_1005,522493.92,1976
C02203,Customer_2203,522442.51999999996,1977
C00369,Customer_369,522239.63,1978
C02689,Customer_2689,522234.37999999995,1979
C02365,Customer_2365,521458.37999999995,1980
C01602,Customer_1602,521061.65,1981
C01871,Customer_1871,521025.6,1982
C00230,Customer_230,520934.35,1983
C00431,Customer_431,520600.05000000005,1984
C01167,Customer_1167,520409.33999999997,1985
C01287,Customer_1287,520327.57999999996,1986
C00631,Customer_631,520175.33999999997,1987
C01732,Customer_1732,520148.02,1988
C01187,Customer_1187,519048.96,1989
C00284,Customer_284,518682.12,1990
C00280,Customer_280,518231.73,1991
C00122,Customer_122,518029.89999999997,1992
C00956,Customer_956,517813.44000000006,1993
C02905,Customer_2905,517609.1,1994
C01198,Customer_1198,515764.32999999996,1995
C02455,Customer_2455,515561.3,1996
C01230,Customer_1230,515200.24,1997
C02733,Customer_2733,514785.95,1998
C01886,Customer_1886,514459.61000000004,1999
C00358,Customer_358,514114.49,2000
C00904,Customer_904,513544.60000000003,2001
C02716,Customer_2716,513011.2,2002
C00005,Customer_5,512873.54000000004,2003
C01442,Customer_1442,512103.31999999995,2004
C01957,Customer_1957,511934.3,2005
C02273,Customer_2273,511611.96,2006
C00303,Customer_303,511570.51,2007
C00335,Customer_335,511043.14,2008
C02412,Customer_2412,509995.03,2009
C00262,Customer_262,509750.51,2010
C01259,Customer_1259,509701.84,2011
C00766,Customer_766,509334.35000000003,2012
C00744,Customer_744,509031.57,2013
C02278,Customer_2278,508567.77,2014
C02166,Customer_2166,507095.51,2015
C00609,Customer_609,506651.63,2016
C01236,Customer_1236,506066.86,2017
C01112,Customer_1112,505201.74,2018
C01899,Customer_1899,505165.56999999995,2019
C01797,Customer_1797,505058.23,2020
C01878,Customer_1878,504756.39999999997,2021
C02100,Customer_2100,504510.80999999994,2022
C00699,Customer_699,503930.46,2023
C00643,Customer_643,502943.19,2024
C01566,Customer_1566,502631.0,2025
C02930,Customer_2930,502533.8,2026
C00490,Customer_490,502177.61,2027
C02840,Customer_2840,502160.64,2028
C02202,Customer_2202,501816.98,2029
C02638,Customer_2638,501585.78,2030
C00497,Customer_497,501262.11,2031
C02026,Customer_2026,501084.57999999996,2032
C02353,Customer_2353,501040.5,2033
C02881,Customer_2881,500820.63,2034
C01956,Customer_1956,500589.33,2035
C00103,Customer_103,500549.86,2036
C02857,Customer_2857,500062.36,2037
C00038,Customer_38,499853.69,2038
C02083,Customer_2083,498781.36,2039
C00027,Customer_27,498233.33999999997,2040
C01247,Customer_1247,497991.83999999997,2041
C02395,Customer_2395,497445.05,2042
C01772,Customer_1772,496724.66000000003,2043
C01087,Customer_1087,496601.8400000001,2044
C02627,Customer_2627,496186.47000000003,2045
C00400,Customer_400,495957.24,2046
C00750,Customer_750,495330.45,2047
C01475,Customer_1475,494086.38,2048
C01457,Customer_1457,494001.86,2049
C01301,Customer_1301,493930.35,2050
C02714,Customer_2714,493756.25,2051
C01140,Customer_1140,493456.15,2052
C02956,Customer_2956,492832.39999999997,2053
C00768,Customer_768,492763.64,2054
C01277,Customer_1277,492731.2,2055
C00195,Customer_195,492604.52,2056
C00753,Customer_753,492384.71,2057
C00131,Customer_131,492289.94,2058
C02085,Customer_2085,491857.0,2059
C02014,Customer_2014,491386.06,2060
C00059,Customer_59,491260.79000000004,2061
C00244,Customer_244,491260.6,2062
C01761,Customer_1761,491243.53,2063
C00843,Customer_843,491216.57,2064
C02977,Customer_2977,489384.25,2065
C00939,Customer_939,489130.68000000005,2066
C02133,Customer_2133,488890.93,2067
C00296,Customer_296,488356.63,2068
C01370,Customer_1370,487756.53,2069
C02358,Customer_2358,487346.5,2070
C02488,Customer_2488,487079.07999999996,2071
C02586,Customer_2586,486892.93999999994,2072
C00294,Customer_294,486604.42,2073
C01147,Customer_1147,486295.05,2074
C00097,Customer_97,485865.9,2075
C01684,Customer_1684,485771.83,2076
C01219,Customer_1219,485362.72,2077
C02595,Customer_2595,485334.9,2078
C02776,Customer_2776,485241.91000000003,2079
C00653,Customer_653,485182.07999999996,2080
C00317,Customer_317,485151.38,2081
C02137,Customer_2137,485023.91,2082
C02361,Customer_2361,484926.81,2083
C01671,Customer_1671,484341.56000000006,2084
C00470,Customer_470,484076.8,2085
C02804,Customer_2804,484041.37,2086
C02672,Customer_2672,483931.04000000004,2087
C02196,Customer_2196,483820.64,2088
C01813,Customer_1813,483247.32,2089
C00436,Customer_436,483239.96,2090
C00341,Customer_341,482886.1,2091
C00752,Customer_752,482365.17,2092
C02019,Customer_2019,482119.5,2093
C00206,Customer_206,482092.47,2094
C02992,Customer_2992,481475.20999999996,2095
C01786,Customer_1786,481344.71,2096
C02642,Customer_2642,481256.63,2097
C01844,Customer_1844,480989.37,2098
C01175,Customer_1175,480841.58,2099
C02238,Customer_2238,480438.94999999995,2100
C02402,Customer_2402,480185.75,2101
C00687,Customer_687,479988.86,2102
C00463,Customer_463,479030.61,2103
C02042,Customer_2042,478455.76,2104
C02851,Customer_2851,478367.94000000006,2105
C01910,Customer_1910,478332.56999999995,2106
C00981,Customer_981,478216.51,2107
C01993,Customer_1993,478007.5999999999,2108
C02836,Customer_2836,477800.15,2109
C02112,Customer_2112,477141.24,2110
C01275,Customer_1275,477013.08,2111
C01733,Customer_1733,476781.2,2112
C00233,Customer_233,476664.56,2113
C01972,Customer_1972,476219.62,2114
C00885,Customer_885,475960.80000000005,2115
C02314,Customer_2314,475957.73999999993,2116
C00138,Customer_138,475826.69999999995,2117
C01930,Customer_1930,475811.07,2118
C00033,Customer_33,475220.00999999995,2119
C01638,Customer_1638,474869.92,2120
C01182,Customer_1182,474542.27,2121
C02910,Customer_2910,474000.57999999996,2122
C02256,Customer_2256,473922.8,2123
C02982,Customer_2982,473827.41,2124
C01576,Customer_1576,473262.78,2125
C01379,Customer_1379,472874.37,2126
C00639,Customer_639,472842.13,2127
C00281,Customer_281,472360.32999999996,2128
C01784,Customer_1784,472322.83999999997,2129
C01019,Customer_1019,471271.95,2130
C01116,Customer_1116,471166.24,2131
C00399,Customer_399,470882.99,2132
C01992,Customer_1992,470486.17,2133
C02611,Customer_2611,470288.72,2134
C02132,Customer_2132,469970.16,2135
C02983,Customer_2983,469911.83999999997,2136
C02891,Customer_2891,469754.13999999996,2137
C02847,Customer_2847,469537.97,2138
C02978,Customer_2978,469400.78,2139
C01846,Customer_1846,469203.36,2140
C01668,Customer_1668,469060.27999999997,2141
C01248,Customer_1248,469022.0,2142
C02337,Customer_2337,468917.63999999996,2143
C02871,Customer_2871,468857.29000000004,2144
C00127,Customer_127,468476.01,2145
C01666,Customer_1666,468283.93,2146
C00823,Customer_823,468268.69,2147
C02020,Customer_2020,467629.53,2148
C02165,Customer_2165,466794.70999999996,2149
C02914,Customer_2914,466674.37,2150
C00814,Customer_814,466620.17,2151
C02649,Customer_2649,466228.88,2152
C02067,Customer_2067,466056.47,2153
C00760,Customer_760,465888.78,2154
C00093,Customer_93,465131.25,2155
C02055,Customer_2055,465091.23,2156
C02363,Customer_2363,465075.48,2157
C01734,Customer_1734,464753.92,2158
C00830,Customer_830,464333.92000000004,2159
C02081,Customer_2081,463716.26,2160
C00550,Customer_550,463061.4,2161
C02139,Customer_2139,462579.66,2162
C00249,Customer_249,461613.23,2163
C00809,Customer_809,461160.4,2164
C01383,Customer_1383,461046.94999999995,2165
C01278,Customer_1278,460714.48999999993,2166
C00589,Customer_589,460647.27,2167
C01271,Customer_1271,460490.98,2168
C02307,Customer_2307,460310.84,2169
C02389,Customer_2389,460234.53,2170
C00269,Customer_269,460198.91000000003,2171
C02243,Customer_2243,459192.68,2172
C00554,Customer_554,459168.58,2173
C01225,Customer_1225,458921.69,2174
C02506,Customer_2506,458183.24,2175
C01927,Customer_1927,457819.02,2176
C00859,Customer_859,457648.22,2177
C00854,Customer_854,457386.97,2178
C02022,Customer_2022,457238.29999999993,2179
C02477,Customer_2477,455934.15,2180
C02536,Customer_2536,455449.68,2181
C00018,Customer_18,454997.35,2182
C01345,Customer_1345,454896.3,2183
C01388,Customer_1388,454324.65,2184
C00857,Customer_857,454178.8,2185
C01755,Customer_1755,454117.79,2186
C00736,Customer_736,454012.93,2187
C01767,Customer_1767,453829.45,2188
C01898,Customer_1898,453295.72,2189
C01238,Customer_1238,453189.61,2190
C02098,Customer_2098,452889.58,2191
C02695,Customer_2695,452438.07999999996,2192
C00791,Customer_791,452245.27,2193
C02791,Customer_2791,452229.20999999996,2194
C01229,Customer_1229,451816.45,2195
C02826,Customer_2826,451344.36,2196
C01355,Customer_1355,450485.94,2197
C00042,Customer_42,450462.15,2198
C02899,Customer_2899,449788.99,2199
C02528,Customer_2528,448975.5,2200
C01273,Customer_1273,448727.24,2201
C00697,Customer_697,447108.18,2202
C02054,Customer_2054,446416.63,2203
C01254,Customer_1254,446399.6,2204
C00856,Customer_856,446238.2,2205
C02692,Customer_2692,446202.82,2206
C00735,Customer_735,445323.33999999997,2207
C02039,Customer_2039,444801.6,2208
C02299,Customer_2299,444467.26999999996,2209
C02270,Customer_2270,444184.19,2210
C00514,Customer_514,443820.42,2211
C00346,Customer_346,443369.94999999995,2212
C00767,Customer_767,443134.84,2213
C01267,Customer_1267,443037.96,2214
C02058,Customer_2058,442679.20999999996,2215
C01521,Customer_1521,442455.2,2216
C02093,Customer_2093,441849.06,2217
C01432,Customer_1432,441828.54,2218
C02108,Customer_2108,441295.68,2219
C01488,Customer_1488,441124.26,2220
C01375,Customer_1375,440985.73,2221
C01625,Customer_1625,440921.4,2222
C01757,Customer_1757,440842.89,2223
C00410,Customer_410,440842.22,2224
C01276,Customer_1276,440629.82999999996,2225
C02783,Customer_2783,440134.6,2226
C00622,Customer_622,440109.71,2227
C00775,Customer_775,439705.36,2228
C02272,Customer_2272,439332.97,2229
C00882,Customer_882,438727.52,2230
C00441,Customer_441,438005.61,2231
C01306,Customer_1306,437793.17,2232
C02114,Customer_2114,437625.68000000005,2233
C02397,Customer_2397,436803.78,2234
C02767,Customer_2767,436618.79000000004,2235
C01035,Customer_1035,436073.84,2236
C01771,Customer_1771,435284.24,2237
C00250,Customer_250,434118.02,2238
C02194,Customer_2194,432882.26,2239
C00931,Customer_931,432825.33999999997,2240
C02043,Customer_2043,431051.35,2241
C00003,Customer_3,430995.76,2242
C00524,Customer_524,430215.17,2243
C01436,Customer_1436,429795.20999999996,2244
C02736,Customer_2736,429286.2,2245
C02792,Customer_2792,428983.94,2246
C01909,Customer_1909,428815.29000000004,2247
C01222,Customer_1222,428732.29000000004,2248
C01836,Customer_1836,428467.63999999996,2249
C01610,Customer_1610,428374.83,2250
C01627,Customer_1627,428273.12,2251
C02855,Customer_2855,428079.37,2252
C00007,Customer_7,427718.83,2253
C00306,Customer_306,427684.68,2254
C01596,Customer_1596,427307.73,2255
C01985,Customer_1985,427171.44,2256
C01701,Customer_1701,427129.05,2257
C01949,Customer_1949,426678.59,2258
C00853,Customer_853,425567.59,2259
C00462,Customer_462,425294.87,2260
C01880,Customer_1880,424494.2,2261
C01951,Customer_1951,424458.06,2262
C01843,Customer_1843,423759.07,2263
C01976,Customer_1976,423700.5,2264
C00635,Customer_635,423446.89,2265
C00949,Customer_949,423166.17000000004,2266
C01074,Customer_1074,423076.89999999997,2267
C02116,Customer_2116,422955.28,2268
C02883,Customer_2883,422770.33999999997,2269
C01570,Customer_1570,422336.39,2270
C01143,Customer_1143,422324.94999999995,2271
C00954,Customer_954,422277.73,2272
C02294,Customer_2294,422191.58,2273
C02495,Customer_2495,421826.23,2274
C00910,Customer_910,421153.72,2275
C02580,Customer_2580,420926.46,2276
C02484,Customer_2484,420854.63,2277
C02129,Customer_2129,420854.33999999997,2278
C01124,Customer_1124,420534.36,2279
C02425,Customer_2425,420533.99,2280
C00787,Customer_787,419955.01,2281
C01380,Customer_1380,419846.68,2282
C02951,Customer_2951,419769.11,2283
C02451,Customer_2451,419755.51,2284
C01862,Customer_1862,418130.71,2285
C00953,Customer_953,417975.01,2286
C02360,Customer_2360,417376.55,2287
C00004,Customer_4,417153.01,2288
C02324,Customer_2324,416464.88,2289
C02214,Customer_2214,416142.62,2290
C01499,Customer_1499,415751.69,2291
C01366,Customer_1366,414119.98,2292
C00512,Customer_512,413556.3300000001,2293
C02895,Customer_2895,413306.8,2294
C02656,Customer_2656,412970.6,2295
C02817,Customer_2817,412796.41000000003,2296
C00060,Customer_60,412258.01,2297
C01085,Customer_1085,412025.26,2298
C01430,Customer_1430,411628.52,2299
C02200,Customer_2200,411504.58999999997,2300
C01004,Customer_1004,411242.57999999996,2301
C01551,Customer_1551,411018.12,2302
C01693,Customer_1693,410501.4,2303
C00536,Customer_536,410236.22000000003,2304
C01299,Customer_1299,410217.9,2305
C00236,Customer_236,409511.6,2306
C02969,Customer_2969,408968.26,2307
C02683,Customer_2683,408720.57999999996,2308
C02647,Customer_2647,408261.76,2309
C02408,Customer_2408,408080.44,2310
C02802,Customer_2802,407940.84,2311
C02224,Customer_2224,406980.23000000004,2312
C01975,Customer_1975,406678.81,2313
C00444,Customer_444,406603.09,2314
C00428,Customer_428,405784.13,2315
C01129,Customer_1129,405680.65,2316
C01200,Customer_1200,404886.12,2317
C01159,Customer_1159,404225.67000000004,2318
C02694,Customer_2694,403676.75,2319
C02633,Customer_2633,403362.37,2320
C02172,Customer_2172,401741.64,2321
C02959,Customer_2959,401171.91000000003,2322
C00074,Customer_74,401101.02,2323
C02485,Customer_2485,400744.47,2324
C02590,Customer_2590,399869.53,2325
C00096,Customer_96,399753.05,2326
C00440,Customer_440,398871.98,2327
C02835,Customer_2835,398773.83999999997,2328
C02205,Customer_2205,397144.02,2329
C01789,Customer_1789,396956.01,2330
C02756,Customer_2756,396794.15,2331
C00718,Customer_718,396684.85,2332
C01837,Customer_1837,396641.61,2333
C00225,Customer_225,396318.96,2334
C01703,Customer_1703,396053.12,2335
C00319,Customer_319,395840.45,2336
C01801,Customer_1801,395124.9,2337
C02681,Customer_2681,394265.92,2338
C01481,Customer_1481,394004.82,2339
C01932,Customer_1932,394001.9,2340
C02820,Customer_2820,393676.37,2341
C02348,Customer_2348,393650.25,2342
C00808,Customer_808,393365.32,2343
C01412,Customer_1412,393283.82,2344
C02570,Customer_2570,393281.88,2345
C00585,Customer_585,392342.78,2346
C01662,Customer_1662,391544.87,2347
C00031,Customer_31,391363.41000000003,2348
C00978,Customer_978,390718.20999999996,2349
C02346,Customer_2346,390659.98,2350
C00510,Customer_510,390653.93,2351
C01903,Customer_1903,390468.59,2352
C00334,Customer_334,389851.33999999997,2353
C00243,Customer_243,388724.52,2354
C00748,Customer_748,388601.45999999996,2355
C02383,Customer_2383,388349.15,2356
C02596,Customer_2596,388201.71,2357
C00716,Customer_716,387686.28,2358
C02741,Customer_2741,387533.62,2359
C02717,Customer_2717,387527.2,2360
C02298,Customer_2298,387262.63,2361
C01319,Customer_1319,387133.16,2362
C01928,Customer_1928,386916.24,2363
C00828,Customer_828,386846.49,2364
C00861,Customer_861,386627.23,2365
C00402,Customer_402,386231.68,2366
C00915,Customer_915,386047.86,2367
C02436,Customer_2436,386028.37,2368
C00934,Customer_934,385774.4,2369
C02713,Customer_2713,385721.18,2370
C01100,Customer_1100,385265.64999999997,2371
C01624,Customer_1624,384736.41,2372
C00277,Customer_277,383911.09,2373
C02567,Customer_2567,383010.9,2374
C01692,Customer_1692,381816.37,2375
C01553,Customer_1553,380985.85,2376
C00051,Customer_51,380437.83999999997,2377
C01336,Customer_1336,380424.2,2378
C00318,Customer_318,380357.95,2379
C00551,Customer_551,380345.0,2380
C02277,Customer_2277,379467.16,2381
C02964,Customer_2964,379096.26,2382
C02573,Customer_2573,378292.18999999994,2383
C01028,Customer_1028,377661.41000000003,2384
C02271,Customer_2271,377186.72,2385
C00667,Customer_667,376950.81,2386
C02000,Customer_2000,376364.32,2387
C00971,Customer_971,375217.78,2388
C01656,Customer_1656,375214.44,2389
C02010,Customer_2010,375089.80999999994,2390
C01981,Customer_1981,374511.89,2391
C00079,Customer_79,372855.15,2392
C01546,Customer_1546,372844.43,2393
C02521,Customer_2521,372309.77,2394
C01736,Customer_1736,371675.24,2395
C02333,Customer_2333,370544.7,2396
C02645,Customer_2645,369894.7,2397
C02174,Customer_2174,369816.83999999997,2398
C01177,Customer_1177,369501.0,2399
C02028,Customer_2028,369497.25,2400
C01427,Customer_1427,368714.65,2401
C02099,Customer_2099,368653.39999999997,2402
C00161,Customer_161,368515.24,2403
C00263,Customer_263,368289.69999999995,2404
C01408,Customer_1408,367578.04000000004,2405
C01173,Customer_1173,366689.33,2406
C02773,Customer_2773,366507.66,2407
C01043,Customer_1043,366197.91000000003,2408
C00241,Customer_241,365507.1,2409
C01365,Customer_1365,365122.56999999995,2410
C00411,Customer_411,364845.45,2411
C00562,Customer_562,364824.12,2412
C02685,Customer_2685,364639.10000000003,2413
C02640,Customer_2640,364625.89,2414
C01934,Customer_1934,363063.56,2415
C02555,Customer_2555,362276.37,2416
C01310,Customer_1310,361998.38,2417
C00081,Customer_81,361907.39,2418
C00199,Customer_199,361363.55000000005,2419
C00610,Customer_610,360830.65,2420
C02770,Customer_2770,360788.33999999997,2421
C00741,Customer_741,360324.55,2422
C00963,Customer_963,359031.56,2423
C02520,Customer_2520,358992.47,2424
C01728,Customer_1728,358771.18000000005,2425
C00209,Customer_209,358741.78,2426
C01648,Customer_1648,357992.72,2427
C02861,Customer_2861,357898.98,2428
C00777,Customer_777,357847.99,2429
C01209,Customer_1209,357096.51,2430
C02486,Customer_2486,357005.79,2431
C02749,Customer_2749,356856.99,2432
C00315,Customer_315,355428.26,2433
C00713,Customer_713,355313.88,2434
C02659,Customer_2659,355199.07,2435
C01845,Customer_1845,354969.27,2436
C02257,Customer_2257,353000.20999999996,2437
C00312,Customer_312,351745.6,2438
C02981,Customer_2981,351731.08,2439
C00152,Customer_152,351356.58,2440
C02454,Customer_2454,351275.01,2441
C00339,Customer_339,351169.94,2442
C02478,Customer_2478,351138.03,2443
C00997,Customer_997,350667.3,2444
C01484,Customer_1484,350395.71,2445
C01689,Customer_1689,350224.68,2446
C01816,Customer_1816,350153.97000000003,2447
C00535,Customer_535,349587.6,2448
C02239,Customer_2239,347902.76,2449
C01356,Customer_1356,347620.51,2450
C00427,Customer_427,347537.43,2451
C00538,Customer_538,347497.94,2452
C00142,Customer_142,346952.25,2453
C00300,Customer_300,346454.06,2454
C02848,Customer_2848,345162.79000000004,2455
C02943,Customer_2943,345053.92,2456
C00124,Customer_124,344897.15,2457
C01237,Customer_1237,344702.55999999994,2458
C02009,Customer_2009,344016.89999999997,2459
C00337,Customer_337,343937.21,2460
C02343,Customer_2343,343735.48,2461
C01223,Customer_1223,342637.92000000004,2462
C01107,Customer_1107,342422.26999999996,2463
C00959,Customer_959,342075.4,2464
C02973,Customer_2973,341545.68,2465
C00260,Customer_260,341411.55,2466
C00361,Customer_361,340546.65,2467
C00743,Customer_743,340357.4,2468
C01585,Customer_1585,339818.4,2469
C02744,Customer_2744,339788.7,2470
C01533,Customer_1533,339704.82999999996,2471
C01239,Customer_1239,339071.87,2472
C00578,Customer_578,338137.32,2473
C01881,Customer_1881,337995.76,2474
C00790,Customer_790,336836.9,2475
C02072,Customer_2072,336223.88,2476
C01740,Customer_1740,334576.65,2477
C00523,Customer_523,334008.42,2478
C00077,Customer_77,333957.55,2479
C02151,Customer_2151,333292.12,2480
C01820,Customer_1820,332863.93,2481
C01753,Customer_1753,332650.55,2482
C01171,Customer_1171,332352.0,2483
C02118,Customer_2118,332237.59,2484
C00712,Customer_712,331672.46,2485
C00725,Customer_725,331534.31,2486
C02699,Customer_2699,331451.89,2487
C02217,Customer_2217,331044.41,2488
C00323,Customer_323,330877.65,2489
C00633,Customer_633,330749.54,2490
C00795,Customer_795,329984.32,2491
C00605,Customer_605,329379.16,2492
C01672,Customer_1672,328589.39,2493
C00719,Customer_719,328473.46,2494
C02439,Customer_2439,328022.33999999997,2495
C00801,Customer_801,327750.88,2496
C00220,Customer_220,327018.74,2497
C02367,Customer_2367,326907.93,2498
C00238,Customer_238,326488.32999999996,2499
C02763,Customer_2763,326160.19,2500
C02688,Customer_2688,325682.08,2501
C01061,Customer_1061,325018.89,2502
C02815,Customer_2815,324960.8,2503
C02619,Customer_2619,324920.74,2504
C02501,Customer_2501,324717.3,2505
C02150,Customer_2150,324148.31999999995,2506
C02288,Customer_2288,323775.36,2507
C01547,Customer_1547,323685.55,2508
C00185,Customer_185,322178.42000000004,2509
C02088,Customer_2088,321999.04,2510
C01749,Customer_1749,321564.05,2511
C01073,Customer_1073,321552.98,2512
C01874,Customer_1874,319482.5,2513
C01414,Customer_1414,319274.61,2514
C01449,Customer_1449,319162.06,2515
C00408,Customer_408,319142.63,2516
C01291,Customer_1291,318762.20999999996,2517
C02657,Customer_2657,318514.02999999997,2518
C01109,Customer_1109,317368.44,2519
C00842,Customer_842,317280.5,2520
C02698,Customer_2698,316422.18000000005,2521
C01769,Customer_1769,315535.37,2522
C00316,Customer_316,315224.15,2523
C02798,Customer_2798,312999.42000000004,2524
C02413,Customer_2413,312928.84,2525
C02481,Customer_2481,312719.24,2526
C00555,Customer_555,312515.88,2527
C02803,Customer_2803,311076.43,2528
C01008,Customer_1008,310722.61,2529
C01255,Customer_1255,310690.33999999997,2530
C02040,Customer_2040,309927.89,2531
C02208,Customer_2208,309837.33999999997,2532
C01779,Customer_1779,309722.97,2533
C01189,Customer_1189,309668.12,2534
C02597,Customer_2597,309626.54,2535
C01406,Customer_1406,309273.05,2536
C01437,Customer_1437,309057.29000000004,2537
C01003,Customer_1003,308763.24,2538
C01979,Customer_1979,308040.51,2539
C00184,Customer_184,307368.86,2540
C02131,Customer_2131,307163.35,2541
C02814,Customer_2814,307123.67,2542
C01407,Customer_1407,306793.27999999997,2543
C01114,Customer_1114,306410.52,2544
C00621,Customer_621,306271.80000000005,2545
C02874,Customer_2874,305866.42,2546
C00014,Customer_14,304951.75,2547
C02875,Customer_2875,304743.2,2548
C02949,Customer_2949,304743.2,2548
C02146,Customer_2146,304473.63,2549
C02705,Customer_2705,304440.08999999997,2550
C02859,Customer_2859,302318.24,2551
C01282,Customer_1282,302304.57,2552
C01968,Customer_1968,301497.52,2553
C01535,Customer_1535,301479.38,2554
C01770,Customer_1770,300429.02,2555
C02409,Customer_2409,300096.91000000003,2556
C00267,Customer_267,299987.37,2557
C00500,Customer_500,299799.44,2558
C00726,Customer_726,299792.98,2559
C02643,Customer_2643,299675.94,2560
C01405,Customer_1405,299541.51,2561
C02096,Customer_2096,299471.91,2562
C02908,Customer_2908,297816.74,2563
C01751,Customer_1751,297746.52,2564
C01423,Customer_1423,297067.37,2565
C01658,Customer_1658,296520.16000000003,2566
C01619,Customer_1619,295819.32,2567
C02479,Customer_2479,295146.69,2568
C00030,Customer_30,294259.9,2569
C00070,Customer_70,293688.64,2570
C02737,Customer_2737,293375.5,2571
C00701,Customer_701,292773.08999999997,2572
C01642,Customer_1642,292640.95,2573
C01343,Customer_1343,292274.07,2574
C00354,Customer_354,292016.35,2575
C02378,Customer_2378,292009.75,2576
C02679,Customer_2679,291255.44,2577
C01686,Customer_1686,290892.67,2578
C02931,Customer_2931,290011.32,2579
C02860,Customer_2860,289966.67,2580
C02784,Customer_2784,289891.39,2581
C02523,Customer_2523,289801.02,2582
C02563,Customer_2563,289232.09,2583
C00479,Customer_479,289103.04000000004,2584
C00671,Customer_671,288475.47,2585
C00679,Customer_679,288344.74,2586
C01150,Customer_1150,287751.62,2587
C01007,Customer_1007,286987.36,2588
C00937,Customer_937,286579.62,2589
C01166,Customer_1166,286550.44,2590
C02727,Customer_2727,286346.51,2591
C00583,Customer_583,285429.44999999995,2592
C00467,Customer_467,284214.13,2593
C01104,Customer_1104,283156.7,2594
C02819,Customer_2819,282410.07,2595
C00995,Customer_995,282378.29,2596
C01323,Customer_1323,281326.36,2597
C01454,Customer_1454,280857.94999999995,2598
C02418,Customer_2418,279774.63,2599
C02500,Customer_2500,279582.06,2600
C02827,Customer_2827,279027.42,2601
C00099,Customer_99,278567.07,2602
C00613,Customer_613,278336.23000000004,2603
C02755,Customer_2755,278226.76,2604
C00987,Customer_987,277810.98,2605
C00484,Customer_484,277671.58999999997,2606
C01609,Customer_1609,277629.3,2607
C02722,Customer_2722,276804.64,2608
C02319,Customer_2319,276796.73,2609
C01324,Customer_1324,276287.75,2610
C00980,Customer_980,276274.26999999996,2611
C01397,Customer_1397,276069.61,2612
C02529,Customer_2529,274530.82,2613
C00867,Customer_867,274492.44999999995,2614
C02070,Customer_2070,274168.42,2615
C02546,Customer_2546,273910.1,2616
C00309,Customer_309,273135.35,2617
C01714,Customer_1714,272507.27999999997,2618
C01471,Customer_1471,272297.67,2619
C00691,Customer_691,271947.2,2620
C02338,Customer_2338,270976.61,2621
C02322,Customer_2322,270739.81,2622
C00045,Customer_45,269529.71,2623
C01054,Customer_1054,269315.74,2624
C02928,Customer_2928,268858.56,2625
C01966,Customer_1966,268858.56,2625
C01403,Customer_1403,268858.56,2625
C00593,Customer_593,268731.83,2626
C01679,Customer_1679,267677.73,2627
C01006,Customer_1006,267321.28,2628
C00114,Customer_114,266921.67,2629
C02446,Customer_2446,266045.19,2630
C00811,Customer_811,265509.52999999997,2631
C02027,Customer_2027,264616.46,2632
C01531,Customer_1531,264116.37,2633
C00648,Customer_648,263651.0,2634
C01901,Customer_1901,262938.86,2635
C00909,Customer_909,262878.66,2636
C01027,Customer_1027,262635.86,2637
C01034,Customer_1034,262454.98,2638
C02887,Customer_2887,261851.63999999998,2639
C01967,Customer_1967,261156.94,2640
C01218,Customer_1218,261093.20999999996,2641
C01617,Customer_1617,260431.02000000002,2642
C00474,Customer_474,260357.56,2643
C02246,Customer_2246,259811.76,2644
C01433,Customer_1433,259486.92,2645
C00432,Customer_432,259101.22,2646
C02302,Customer_2302,258602.79,2647
C00109,Customer_109,258352.80000000002,2648
C01719,Customer_1719,258227.41,2649
C01567,Customer_1567,258121.22999999998,2650
C00125,Customer_125,257787.81,2651
C02048,Customer_2048,257654.86,2652
C02700,Customer_2700,257182.32,2653
C00496,Customer_496,256877.87,2654
C01419,Customer_1419,256781.53999999998,2655
C00102,Customer_102,256512.32,2656
C01025,Customer_1025,256422.02000000002,2657
C01548,Customer_1548,255812.16,2658
C02674,Customer_2674,255245.12,2659
C02457,Customer_2457,254693.83999999997,2660
C00145,Customer_145,253413.09999999998,2661
C00483,Customer_483,253014.50999999998,2662
C01847,Customer_1847,252572.65,2663
C01053,Customer_1053,252145.35,2664
C02115,Customer_2115,252092.24,2665
C00812,Customer_812,251928.27000000002,2666
C01191,Customer_1191,251884.79,2667
C00351,Customer_351,251107.69,2668
C02223,Customer_2223,250828.97,2669
C01583,Customer_1583,248881.35,2670
C00394,Customer_394,248595.19999999998,2671
C00388,Customer_388,248523.77,2672
C02168,Customer_2168,248429.54,2673
C02795,Customer_2795,247791.97,2674
C01021,Customer_1021,247480.46,2675
C01149,Customer_1149,247360.46000000002,2676
C00110,Customer_110,246680.93,2677
C00050,Customer_50,246662.68,2678
C02623,Customer_2623,246586.51,2679
C02793,Customer_2793,245459.03999999998,2680
C02542,Customer_2542,245451.09000000003,2681
C02178,Customer_2178,245176.63,2682
C00451,Customer_451,244590.84,2683
C00377,Customer_377,243742.58000000002,2684
C02211,Customer_2211,243528.24,2685
C02565,Customer_2565,241706.94,2686
C00709,Customer_709,241286.77,2687
C02603,Customer_2603,241152.22999999998,2688
C02394,Customer_2394,239748.37,2689
C00932,Customer_932,239072.31,2690
C00423,Customer_423,237700.02,2691
C00024,Customer_24,237656.31,2692
C00425,Customer_425,236309.37,2693
C02831,Customer_2831,235922.66999999998,2694
C02370,Customer_2370,233950.14,2695
C00488,Customer_488,233279.1,2696
C00261,Customer_261,233110.01,2697
C02702,Customer_2702,232383.09,2698
C00880,Customer_880,231836.38999999998,2699
C02574,Customer_2574,231358.86,2700
C01977,Customer_1977,231270.76,2701
C02185,Customer_2185,230294.59,2702
C00901,Customer_901,229726.16,2703
C00806,Customer_806,228832.54,2704
C01329,Customer_1329,228508.33000000002,2705
C00100,Customer_100,227240.37000000002,2706
C01369,Customer_1369,226766.89,2707
C01384,Customer_1384,226042.69,2708
C00089,Customer_89,225965.75999999998,2709
C01088,Customer_1088,225797.79,2710
C01443,Customer_1443,225441.15999999997,2711
C02761,Customer_2761,224648.65000000002,2712
C00813,Customer_813,224146.98,2713
C00213,Customer_213,223701.55,2714
C01776,Customer_1776,222985.36,2715
C02163,Customer_2163,222255.36,2716
C00458,Customer_458,222041.86,2717
C01635,Customer_1635,221762.82,2718
C02018,Customer_2018,221171.61,2719
C02996,Customer_2996,220637.15,2720
C02703,Customer_2703,220607.93000000002,2721
C01534,Customer_1534,220127.51,2722
C02405,Customer_2405,219331.71,2723
C02888,Customer_2888,219208.19,2724
C00446,Customer_446,217814.19,2725
C00888,Customer_888,217226.24,2726
C02084,Customer_2084,216976.56,2727
C00215,Customer_215,216791.06999999998,2728
C00851,Customer_851,216461.00999999998,2729
C01710,Customer_1710,215214.78,2730
C00385,Customer_385,214974.13,2731
C01251,Customer_1251,214705.33,2732
C00153,Customer_153,214698.13999999998,2733
C01691,Customer_1691,213474.18,2734
C02538,Customer_2538,213416.14,2735
C02684,Customer_2684,213246.18,2736
C02718,Customer_2718,213064.38,2737
C02822,Customer_2822,212841.07,2738
C02630,Customer_2630,212742.46,2739
C01121,Customer_1121,212228.99,2740
C00170,Customer_170,212145.15000000002,2741
C00211,Customer_211,211279.78,2742
C02329,Customer_2329,210508.15,2743
C00507,Customer_507,210374.44,2744
C02496,Customer_2496,210256.34,2745
C00193,Customer_193,210210.58000000002,2746
C00665,Customer_665,208896.29,2747
C02300,Customer_2300,208848.52000000002,2748
C00894,Customer_894,206560.88,2749
C00372,Customer_372,205720.26,2750
C02268,Customer_2268,205655.03999999998,2751
C01064,Customer_1064,205142.19,2752
C00279,Customer_279,203746.13999999998,2753
C00569,Customer_569,203670.56,2754
C00414,Customer_414,201984.42,2755
C02933,Customer_2933,201270.52,2756
C02050,Customer_2050,200427.32,2757
C01157,Customer_1157,200306.0,2758
C01929,Customer_1929,199248.44,2759
C01517,Customer_1517,198827.77,2760
C02768,Customer_2768,198367.47,2761
C01000,Customer_1000,198041.26,2762
C00469,Customer_469,197921.07,2763
C01374,Customer_1374,197380.0,2764
C00663,Customer_663,197315.24,2765
C01663,Customer_1663,197132.96,2766
C02184,Customer_2184,197132.96,2766
C00071,Customer_71,195696.11,2767
C01559,Customer_1559,195482.18,2768
C01509,Customer_1509,194621.57,2769
C01890,Customer_1890,194179.57,2770
C00482,Customer_482,193785.26,2771
C00658,Customer_658,192852.89,2772
C02190,Customer_2190,191375.97,2773
C01868,Customer_1868,189097.08,2774
C02575,Customer_2575,189097.08,2774
C00543,Customer_543,188593.36,2775
C01989,Customer_1989,186899.72999999998,2776
C02421,Customer_2421,186403.26,2777
C00140,Customer_140,186372.05000000002,2778
C00048,Customer_48,184610.27999999997,2779
C00020,Customer_20,184207.65,2780
C01540,Customer_1540,183992.58000000002,2781
C02046,Customer_2046,183660.28999999998,2782
C02437,Customer_2437,182986.44,2783
C02922,Customer_2922,182309.26,2784
C00660,Customer_660,182068.52,2785
C02789,Customer_2789,182052.59,2786
C00430,Customer_430,181435.19,2787
C01640,Customer_1640,179619.06,2788
C00424,Customer_424,179397.71,2789
C00219,Customer_219,178650.2,2790
C02326,Customer_2326,178533.28,2791
C02448,Customer_2448,175780.18,2792
C00064,Customer_64,175098.39,2793
C00486,Customer_486,174212.45,2794
C01371,Customer_1371,172231.34999999998,2795
C01838,Customer_1838,172095.8,2796
C01072,Customer_1072,171131.76,2797
C02415,Customer_2415,170099.66999999998,2798
C01056,Customer_1056,169782.08000000002,2799
C00222,Customer_222,169068.49,2800
C01221,Customer_1221,168639.18,2801
C00034,Customer_34,167745.1,2802
C00054,Customer_54,167725.36,2803
C01587,Customer_1587,167455.05,2804
C02790,Customer_2790,167152.84000000003,2805
C00938,Customer_938,167093.44,2806
C00865,Customer_865,166636.78,2807
C00891,Customer_891,166631.59,2808
C02639,Customer_2639,161662.46,2809
C00292,Customer_292,160773.68,2810
C02125,Customer_2125,160729.65,2811
C02381,Customer_2381,159705.1,2812
C02128,Customer_2128,159342.75,2813
C00908,Customer_908,158751.11,2814
C01351,Customer_1351,158622.63,2815
C01268,Customer_1268,156963.03,2816
C02856,Customer_2856,156963.03,2816
C02877,Customer_2877,154360.46,2817
C00026,Customer_26,153353.00999999998,2818
C01453,Customer_1453,153296.87,2819
C02955,Customer_2955,152718.63,2820
C00108,Customer_108,152607.43,2821
C02696,Customer_2696,151833.55,2822
C01211,Customer_1211,150952.88999999998,2823
C01563,Customer_1563,149000.12,2824
C02201,Customer_2201,147306.5,2825
C00702,Customer_702,146829.44,2826
C01311,Customer_1311,146195.15,2827
C01062,Customer_1062,145855.64,2828
C01708,Customer_1708,145157.64,2829
C00001,Customer_1,145010.03,2830
C01941,Customer_1941,144147.44999999998,2831
C01040,Customer_1040,141790.6,2832
C02349,Customer_2349,141430.1,2833
C02628,Customer_2628,140814.55000000002,2834
C01492,Customer_1492,140008.93,2835
C01805,Customer_1805,140005.35,2836
C00576,Customer_576,138417.0,2837
C01705,Customer_1705,137705.24,2838
C00951,Customer_951,137694.6,2839
C02078,Customer_2078,136540.91,2840
C00017,Customer_17,134648.19,2841
C02406,Customer_2406,134492.68,2842
C01502,Customer_1502,134430.95,2843
C02558,Customer_2558,134231.78999999998,2844
C01804,Customer_1804,132400.85,2845
C02289,Customer_2289,132032.25,2846
C01169,Customer_1169,129972.63,2847
C01748,Customer_1748,127583.98,2848
C01950,Customer_1950,127073.93,2849
C01618,Customer_1618,126779.24,2850
C02779,Customer_2779,125914.5,2851
C01990,Customer_1990,125900.2,2852
C02024,Customer_2024,125398.08,2853
C01060,Customer_1060,124180.23999999999,2854
C00922,Customer_922,123350.06,2855
C01697,Customer_1697,121039.09,2856
C01513,Customer_1513,120161.15,2857
C00501,Customer_501,118890.11000000002,2858
C00350,Customer_350,118436.86,2859
C02677,Customer_2677,118267.26000000001,2860
C02433,Customer_2433,117563.26000000001,2861
C01766,Customer_1766,117421.09999999999,2862
C01226,Customer_1226,117416.33,2863
C02517,Customer_2517,115964.51,2864
C02220,Customer_2220,114984.85999999999,2865
C02729,Customer_2729,113736.84,2866
C00721,Customer_721,111747.12,2867
C02175,Customer_2175,111356.81999999999,2868
C02253,Customer_2253,109755.20999999999,2869
C02013,Customer_2013,109730.25,2870
C02532,Customer_2532,109017.41,2871
C01832,Customer_1832,107817.06,2872
C00707,Customer_707,107501.2,2873
C00734,Customer_734,106622.92000000001,2874
C00705,Customer_705,105980.73,2875
C01653,Customer_1653,104785.94,2876
C01340,Customer_1340,104127.56999999999,2877
C00212,Customer_212,103016.8,2878
C02719,Customer_2719,101016.75,2879
C01612,Customer_1612,100365.06,2880
C01339,Customer_1339,100341.99,2881
C02003,Customer_2003,100017.16,2882
C02593,Customer_2593,100017.16,2882
C01264,Customer_1264,100017.16,2882
C01853,Customer_1853,99890.08,2883
C02233,Customer_2233,95715.95,2884
C02734,Customer_2734,94749.57,2885
C01863,Customer_1863,94746.28,2886
C01145,Customer_1145,94722.23000000001,2887
C02472,Customer_2472,94512.48,2888
C01193,Customer_1193,93331.51000000001,2889
C02313,Customer_2313,92400.0,2890
C00248,Customer_248,91537.84,2891
C02230,Customer_2230,90765.89,2892
C02665,Customer_2665,90473.22,2893
C02466,Customer_2466,89619.52,2894
C01489,Customer_1489,89266.64,2895
C02255,Customer_2255,89154.28,2896
C02407,Customer_2407,87412.26,2897
C00322,Customer_322,87138.51,2898
C00437,Customer_437,85730.53,2899
C00352,Customer_352,83546.72,2900
C00107,Customer_107,83470.97,2901
C01045,Customer_1045,81564.6,2902
C00006,Customer_6,80884.01,2903
C00197,Customer_197,76726.15,2904
C02130,Customer_2130,75849.48999999999,2905
C00409,Customer_409,75839.45999999999,2906
C00032,Customer_32,75759.15,2907
C01917,Customer_1917,75759.15,2907
C02782,Customer_2782,74049.76999999999,2908
C00684,Customer_684,72839.33,2909
C00291,Customer_291,71353.15,2910
C00053,Customer_53,68980.86,2911
C02440,Customer_2440,67246.34,2912
C01654,Customer_1654,64775.94,2913
C00094,Customer_94,64291.86,2914
C00692,Customer_692,63738.99,2915
C02216,Customer_2216,62367.48,2916
C02975,Customer_2975,62124.380000000005,2917
C00258,Customer_258,62019.369999999995,2918
C01685,Customer_1685,58496.259999999995,2919
C02615,Customer_2615,58376.6,2920
C00677,Customer_677,54391.75,2921
C00305,Customer_305,53557.409999999996,2922
C01515,Customer_1515,53556.729999999996,2923
C00625,Customer_625,51927.18,2924
C00218,Customer_218,51123.66,2925
C01865,Customer_1865,50906.21,2926
C00347,Customer_347,50317.63,2927
C00095,Customer_95,50223.18,2928
C00544,Customer_544,45913.88,2929
C02707,Customer_2707,45630.07000000001,2930
C00645,Customer_645,44261.130000000005,2931
C01469,Customer_1469,43517.36,2932
C00298,Customer_298,43513.4,2933
C01741,Customer_1741,43513.4,2933
C01942,Customer_1942,43443.38,2934
C01745,Customer_1745,42727.619999999995,2935
C01616,Customer_1616,40304.7,2936
C01331,Customer_1331,39244.32,2937
C00786,Customer_786,37738.049999999996,2938
C00151,Customer_151,37476.7,2939
C01721,Customer_1721,36142.409999999996,2940
C02222,Customer_2222,35839.67999999999,2941
C00466,Customer_466,34001.06,2942
C00174,Customer_174,33090.21,2943
C01079,Customer_1079,32387.97,2944
C00287,Customer_287,32247.399999999998,2945
C01091,Customer_1091,32247.399999999998,2945
C00178,Customer_178,32145.93,2946
C00380,Customer_380,29988.24,2947
C01510,Customer_1510,29046.17,2948
C01698,Customer_1698,26788.469999999998,2949
C01607,Customer_1607,24032.23,2950
C01176,Customer_1176,23210.0,2951
C01057,Customer_1057,22642.829999999998,2952
C00636,Customer_636,22288.57,2953
C01477,Customer_1477,21756.7,2954
C01581,Customer_1581,20418.78,2955
C02952,Customer_2952,20396.02,2956
C02535,Customer_2535,19348.44,2957
C02345,Customer_2345,10557.48,2958
C02715,Customer_2715,7790.29,2959
C00264,Customer_264,7497.06,2960
C01172,Customer_1172,7497.06,2960
C00879,Customer_879,4561.62,2961
C00577,Customer_577,2606.64,2962
C02035,Customer_2035,2383.56,2963
C01558,Customer_1558,1954.98,2964
